"id","SibSp","Parch","Class.1","Class.2","Class.3","Gender","Fare","Embarked.C","Embarked.Q","Embarked.S","Child","Adult","Age.NA","Survived"
"1",1,0,0,0,1,1,7.25,0,0,1,0,1,0,0
"2",1,0,1,0,0,0,71.2833,1,0,0,0,1,0,1
"3",0,0,0,0,1,0,7.925,0,0,1,0,1,0,1
"4",1,0,1,0,0,0,53.1,0,0,1,0,1,0,1
"5",0,0,0,0,1,1,8.05,0,0,1,0,1,0,0
"6",0,0,0,0,1,1,8.4583,0,1,0,0,0,1,0
"7",0,0,1,0,0,1,51.8625,0,0,1,0,1,0,0
"8",3,1,0,0,1,1,21.075,0,0,1,1,0,0,0
"9",0,2,0,0,1,0,11.1333,0,0,1,0,1,0,1
"10",1,0,0,1,0,0,30.0708,1,0,0,0,1,0,1
"11",1,1,0,0,1,0,16.7,0,0,1,0,1,0,1
"12",0,0,1,0,0,0,26.55,0,0,1,0,1,0,1
"13",0,0,0,0,1,1,8.05,0,0,1,0,1,0,0
"14",1,5,0,0,1,1,31.275,0,0,1,0,1,0,0
"15",0,0,0,0,1,0,7.8542,0,0,1,0,1,0,0
"16",0,0,0,1,0,0,16,0,0,1,0,1,0,1
"17",4,1,0,0,1,1,29.125,0,1,0,1,0,0,0
"18",0,0,0,1,0,1,13,0,0,1,0,0,1,1
"19",1,0,0,0,1,0,18,0,0,1,0,1,0,0
"20",0,0,0,0,1,0,7.225,1,0,0,0,0,1,1
"21",0,0,0,1,0,1,26,0,0,1,0,1,0,0
"22",0,0,0,1,0,1,13,0,0,1,0,1,0,1
"23",0,0,0,0,1,0,8.0292,0,1,0,0,1,0,1
"24",0,0,1,0,0,1,35.5,0,0,1,0,1,0,1
"25",3,1,0,0,1,0,21.075,0,0,1,0,1,0,0
"26",1,5,0,0,1,0,31.3875,0,0,1,0,1,0,1
"27",0,0,0,0,1,1,7.225,1,0,0,0,0,1,0
"28",3,2,1,0,0,1,263,0,0,1,0,1,0,0
"29",0,0,0,0,1,0,7.8792,0,1,0,0,0,1,1
"30",0,0,0,0,1,1,7.8958,0,0,1,0,0,1,0
"31",0,0,1,0,0,1,27.7208,1,0,0,0,1,0,0
"32",1,0,1,0,0,0,146.5208,1,0,0,0,0,1,1
"33",0,0,0,0,1,0,7.75,0,1,0,0,0,1,1
"34",0,0,0,1,0,1,10.5,0,0,1,0,1,0,0
"35",1,0,1,0,0,1,82.1708,1,0,0,0,1,0,0
"36",1,0,1,0,0,1,52,0,0,1,0,1,0,0
"37",0,0,0,0,1,1,7.2292,1,0,0,0,0,1,1
"38",0,0,0,0,1,1,8.05,0,0,1,0,1,0,0
"39",2,0,0,0,1,0,18,0,0,1,0,1,0,0
"40",1,0,0,0,1,0,11.2417,1,0,0,0,1,0,1
"41",1,0,0,0,1,0,9.475,0,0,1,0,1,0,0
"42",1,0,0,1,0,0,21,0,0,1,0,1,0,0
"43",0,0,0,0,1,1,7.8958,1,0,0,0,0,1,0
"44",1,2,0,1,0,0,41.5792,1,0,0,0,1,0,1
"45",0,0,0,0,1,0,7.8792,0,1,0,0,1,0,1
"46",0,0,0,0,1,1,8.05,0,0,1,0,0,1,0
"47",1,0,0,0,1,1,15.5,0,1,0,0,0,1,0
"48",0,0,0,0,1,0,7.75,0,1,0,0,0,1,1
"49",2,0,0,0,1,1,21.6792,1,0,0,0,0,1,0
"50",1,0,0,0,1,0,17.8,0,0,1,0,1,0,0
"51",4,1,0,0,1,1,39.6875,0,0,1,0,1,0,0
"52",0,0,0,0,1,1,7.8,0,0,1,0,1,0,0
"53",1,0,1,0,0,0,76.7292,1,0,0,0,1,0,1
"54",1,0,0,1,0,0,26,0,0,1,0,1,0,1
"55",0,1,1,0,0,1,61.9792,1,0,0,0,1,0,0
"56",0,0,1,0,0,1,35.5,0,0,1,0,0,1,1
"57",0,0,0,1,0,0,10.5,0,0,1,0,1,0,1
"58",0,0,0,0,1,1,7.2292,1,0,0,0,1,0,0
"59",1,2,0,1,0,0,27.75,0,0,1,0,1,0,1
"60",5,2,0,0,1,1,46.9,0,0,1,0,1,0,0
"61",0,0,0,0,1,1,7.2292,1,0,0,0,1,0,0
"62",0,0,1,0,0,0,80,0,0,0,0,1,0,1
"63",1,0,1,0,0,1,83.475,0,0,1,0,1,0,0
"64",3,2,0,0,1,1,27.9,0,0,1,0,1,0,0
"65",0,0,1,0,0,1,27.7208,1,0,0,0,0,1,0
"66",1,1,0,0,1,1,15.2458,1,0,0,0,0,1,1
"67",0,0,0,1,0,0,10.5,0,0,1,0,1,0,1
"68",0,0,0,0,1,1,8.1583,0,0,1,0,1,0,0
"69",4,2,0,0,1,0,7.925,0,0,1,0,1,0,1
"70",2,0,0,0,1,1,8.6625,0,0,1,0,1,0,0
"71",0,0,0,1,0,1,10.5,0,0,1,0,1,0,0
"72",5,2,0,0,1,0,46.9,0,0,1,0,1,0,0
"73",0,0,0,1,0,1,73.5,0,0,1,0,1,0,0
"74",1,0,0,0,1,1,14.4542,1,0,0,0,1,0,0
"75",0,0,0,0,1,1,56.4958,0,0,1,0,1,0,1
"76",0,0,0,0,1,1,7.65,0,0,1,0,1,0,0
"77",0,0,0,0,1,1,7.8958,0,0,1,0,0,1,0
"78",0,0,0,0,1,1,8.05,0,0,1,0,0,1,0
"79",0,2,0,1,0,1,29,0,0,1,1,0,0,1
"80",0,0,0,0,1,0,12.475,0,0,1,0,1,0,1
"81",0,0,0,0,1,1,9,0,0,1,0,1,0,0
"82",0,0,0,0,1,1,9.5,0,0,1,0,1,0,1
"83",0,0,0,0,1,0,7.7875,0,1,0,0,0,1,1
"84",0,0,1,0,0,1,47.1,0,0,1,0,1,0,0
"85",0,0,0,1,0,0,10.5,0,0,1,0,1,0,1
"86",3,0,0,0,1,0,15.85,0,0,1,0,1,0,1
"87",1,3,0,0,1,1,34.375,0,0,1,0,1,0,0
"88",0,0,0,0,1,1,8.05,0,0,1,0,0,1,0
"89",3,2,1,0,0,0,263,0,0,1,0,1,0,1
"90",0,0,0,0,1,1,8.05,0,0,1,0,1,0,0
"91",0,0,0,0,1,1,8.05,0,0,1,0,1,0,0
"92",0,0,0,0,1,1,7.8542,0,0,1,0,1,0,0
"93",1,0,1,0,0,1,61.175,0,0,1,0,1,0,0
"94",1,2,0,0,1,1,20.575,0,0,1,0,1,0,0
"95",0,0,0,0,1,1,7.25,0,0,1,0,1,0,0
"96",0,0,0,0,1,1,8.05,0,0,1,0,0,1,0
"97",0,0,1,0,0,1,34.6542,1,0,0,0,1,0,0
"98",0,1,1,0,0,1,63.3583,1,0,0,0,1,0,1
"99",0,1,0,1,0,0,23,0,0,1,0,1,0,1
"100",1,0,0,1,0,1,26,0,0,1,0,1,0,0
"101",0,0,0,0,1,0,7.8958,0,0,1,0,1,0,0
"102",0,0,0,0,1,1,7.8958,0,0,1,0,0,1,0
"103",0,1,1,0,0,1,77.2875,0,0,1,0,1,0,0
"104",0,0,0,0,1,1,8.6542,0,0,1,0,1,0,0
"105",2,0,0,0,1,1,7.925,0,0,1,0,1,0,0
"106",0,0,0,0,1,1,7.8958,0,0,1,0,1,0,0
"107",0,0,0,0,1,0,7.65,0,0,1,0,1,0,1
"108",0,0,0,0,1,1,7.775,0,0,1,0,0,1,1
"109",0,0,0,0,1,1,7.8958,0,0,1,0,1,0,0
"110",1,0,0,0,1,0,24.15,0,1,0,0,0,1,1
"111",0,0,1,0,0,1,52,0,0,1,0,1,0,0
"112",1,0,0,0,1,0,14.4542,1,0,0,0,1,0,0
"113",0,0,0,0,1,1,8.05,0,0,1,0,1,0,0
"114",1,0,0,0,1,0,9.825,0,0,1,0,1,0,0
"115",0,0,0,0,1,0,14.4583,1,0,0,0,1,0,0
"116",0,0,0,0,1,1,7.925,0,0,1,0,1,0,0
"117",0,0,0,0,1,1,7.75,0,1,0,0,1,0,0
"118",1,0,0,1,0,1,21,0,0,1,0,1,0,0
"119",0,1,1,0,0,1,247.5208,1,0,0,0,1,0,0
"120",4,2,0,0,1,0,31.275,0,0,1,1,0,0,0
"121",2,0,0,1,0,1,73.5,0,0,1,0,1,0,0
"122",0,0,0,0,1,1,8.05,0,0,1,0,0,1,0
"123",1,0,0,1,0,1,30.0708,1,0,0,0,1,0,0
"124",0,0,0,1,0,0,13,0,0,1,0,1,0,1
"125",0,1,1,0,0,1,77.2875,0,0,1,0,1,0,0
"126",1,0,0,0,1,1,11.2417,1,0,0,0,1,0,1
"127",0,0,0,0,1,1,7.75,0,1,0,0,0,1,0
"128",0,0,0,0,1,1,7.1417,0,0,1,0,1,0,1
"129",1,1,0,0,1,0,22.3583,1,0,0,0,0,1,1
"130",0,0,0,0,1,1,6.975,0,0,1,0,1,0,0
"131",0,0,0,0,1,1,7.8958,1,0,0,0,1,0,0
"132",0,0,0,0,1,1,7.05,0,0,1,0,1,0,0
"133",1,0,0,0,1,0,14.5,0,0,1,0,1,0,0
"134",1,0,0,1,0,0,26,0,0,1,0,1,0,1
"135",0,0,0,1,0,1,13,0,0,1,0,1,0,0
"136",0,0,0,1,0,1,15.0458,1,0,0,0,1,0,0
"137",0,2,1,0,0,0,26.2833,0,0,1,0,1,0,1
"138",1,0,1,0,0,1,53.1,0,0,1,0,1,0,0
"139",0,0,0,0,1,1,9.2167,0,0,1,0,1,0,0
"140",0,0,1,0,0,1,79.2,1,0,0,0,1,0,0
"141",0,2,0,0,1,0,15.2458,1,0,0,0,0,1,0
"142",0,0,0,0,1,0,7.75,0,0,1,0,1,0,1
"143",1,0,0,0,1,0,15.85,0,0,1,0,1,0,1
"144",0,0,0,0,1,1,6.75,0,1,0,0,1,0,0
"145",0,0,0,1,0,1,11.5,0,0,1,0,1,0,0
"146",1,1,0,1,0,1,36.75,0,0,1,0,1,0,0
"147",0,0,0,0,1,1,7.7958,0,0,1,0,1,0,1
"148",2,2,0,0,1,0,34.375,0,0,1,0,1,0,0
"149",0,2,0,1,0,1,26,0,0,1,0,1,0,0
"150",0,0,0,1,0,1,13,0,0,1,0,1,0,0
"151",0,0,0,1,0,1,12.525,0,0,1,0,1,0,0
"152",1,0,1,0,0,0,66.6,0,0,1,0,1,0,1
"153",0,0,0,0,1,1,8.05,0,0,1,0,1,0,0
"154",0,2,0,0,1,1,14.5,0,0,1,0,1,0,0
"155",0,0,0,0,1,1,7.3125,0,0,1,0,0,1,0
"156",0,1,1,0,0,1,61.3792,1,0,0,0,1,0,0
"157",0,0,0,0,1,0,7.7333,0,1,0,0,1,0,1
"158",0,0,0,0,1,1,8.05,0,0,1,0,1,0,0
"159",0,0,0,0,1,1,8.6625,0,0,1,0,0,1,0
"160",8,2,0,0,1,1,69.55,0,0,1,0,0,1,0
"161",0,1,0,0,1,1,16.1,0,0,1,0,1,0,0
"162",0,0,0,1,0,0,15.75,0,0,1,0,1,0,1
"163",0,0,0,0,1,1,7.775,0,0,1,0,1,0,0
"164",0,0,0,0,1,1,8.6625,0,0,1,0,1,0,0
"165",4,1,0,0,1,1,39.6875,0,0,1,1,0,0,0
"166",0,2,0,0,1,1,20.525,0,0,1,0,1,0,1
"167",0,1,1,0,0,0,55,0,0,1,0,0,1,1
"168",1,4,0,0,1,0,27.9,0,0,1,0,1,0,0
"169",0,0,1,0,0,1,25.925,0,0,1,0,0,1,0
"170",0,0,0,0,1,1,56.4958,0,0,1,0,1,0,0
"171",0,0,1,0,0,1,33.5,0,0,1,0,1,0,0
"172",4,1,0,0,1,1,29.125,0,1,0,0,1,0,0
"173",1,1,0,0,1,0,11.1333,0,0,1,1,0,0,1
"174",0,0,0,0,1,1,7.925,0,0,1,0,1,0,0
"175",0,0,1,0,0,1,30.6958,1,0,0,0,1,0,0
"176",1,1,0,0,1,1,7.8542,0,0,1,0,1,0,0
"177",3,1,0,0,1,1,25.4667,0,0,1,0,0,1,0
"178",0,0,1,0,0,0,28.7125,1,0,0,0,1,0,0
"179",0,0,0,1,0,1,13,0,0,1,0,1,0,0
"180",0,0,0,0,1,1,0,0,0,1,0,1,0,0
"181",8,2,0,0,1,0,69.55,0,0,1,0,0,1,0
"182",0,0,0,1,0,1,15.05,1,0,0,0,0,1,0
"183",4,2,0,0,1,1,31.3875,0,0,1,0,1,0,0
"184",2,1,0,1,0,1,39,0,0,1,1,0,0,1
"185",0,2,0,0,1,0,22.025,0,0,1,0,1,0,1
"186",0,0,1,0,0,1,50,0,0,1,0,0,1,0
"187",1,0,0,0,1,0,15.5,0,1,0,0,0,1,1
"188",0,0,1,0,0,1,26.55,0,0,1,0,1,0,1
"189",1,1,0,0,1,1,15.5,0,1,0,0,1,0,0
"190",0,0,0,0,1,1,7.8958,0,0,1,0,1,0,0
"191",0,0,0,1,0,0,13,0,0,1,0,1,0,1
"192",0,0,0,1,0,1,13,0,0,1,0,1,0,0
"193",1,0,0,0,1,0,7.8542,0,0,1,0,1,0,1
"194",1,1,0,1,0,1,26,0,0,1,0,1,0,1
"195",0,0,1,0,0,0,27.7208,1,0,0,0,1,0,1
"196",0,0,1,0,0,0,146.5208,1,0,0,0,1,0,1
"197",0,0,0,0,1,1,7.75,0,1,0,0,0,1,0
"198",0,1,0,0,1,1,8.4042,0,0,1,0,1,0,0
"199",0,0,0,0,1,0,7.75,0,1,0,0,0,1,1
"200",0,0,0,1,0,0,13,0,0,1,0,1,0,0
"201",0,0,0,0,1,1,9.5,0,0,1,0,1,0,0
"202",8,2,0,0,1,1,69.55,0,0,1,0,0,1,0
"203",0,0,0,0,1,1,6.4958,0,0,1,0,1,0,0
"204",0,0,0,0,1,1,7.225,1,0,0,0,1,0,0
"205",0,0,0,0,1,1,8.05,0,0,1,0,1,0,1
"206",0,1,0,0,1,0,10.4625,0,0,1,1,0,0,0
"207",1,0,0,0,1,1,15.85,0,0,1,0,1,0,0
"208",0,0,0,0,1,1,18.7875,1,0,0,0,1,0,1
"209",0,0,0,0,1,0,7.75,0,1,0,0,1,0,1
"210",0,0,1,0,0,1,31,1,0,0,0,1,0,1
"211",0,0,0,0,1,1,7.05,0,0,1,0,1,0,0
"212",0,0,0,1,0,0,21,0,0,1,0,1,0,1
"213",0,0,0,0,1,1,7.25,0,0,1,0,1,0,0
"214",0,0,0,1,0,1,13,0,0,1,0,1,0,0
"215",1,0,0,0,1,1,7.75,0,1,0,0,0,1,0
"216",1,0,1,0,0,0,113.275,1,0,0,0,1,0,1
"217",0,0,0,0,1,0,7.925,0,0,1,0,1,0,1
"218",1,0,0,1,0,1,27,0,0,1,0,1,0,0
"219",0,0,1,0,0,0,76.2917,1,0,0,0,1,0,1
"220",0,0,0,1,0,1,10.5,0,0,1,0,1,0,0
"221",0,0,0,0,1,1,8.05,0,0,1,0,1,0,1
"222",0,0,0,1,0,1,13,0,0,1,0,1,0,0
"223",0,0,0,0,1,1,8.05,0,0,1,0,1,0,0
"224",0,0,0,0,1,1,7.8958,0,0,1,0,0,1,0
"225",1,0,1,0,0,1,90,0,0,1,0,1,0,1
"226",0,0,0,0,1,1,9.35,0,0,1,0,1,0,0
"227",0,0,0,1,0,1,10.5,0,0,1,0,1,0,1
"228",0,0,0,0,1,1,7.25,0,0,1,0,1,0,0
"229",0,0,0,1,0,1,13,0,0,1,0,1,0,0
"230",3,1,0,0,1,0,25.4667,0,0,1,0,0,1,0
"231",1,0,1,0,0,0,83.475,0,0,1,0,1,0,1
"232",0,0,0,0,1,1,7.775,0,0,1,0,1,0,0
"233",0,0,0,1,0,1,13.5,0,0,1,0,1,0,0
"234",4,2,0,0,1,0,31.3875,0,0,1,0,1,0,1
"235",0,0,0,1,0,1,10.5,0,0,1,0,1,0,0
"236",0,0,0,0,1,0,7.55,0,0,1,0,0,1,0
"237",1,0,0,1,0,1,26,0,0,1,0,1,0,0
"238",0,2,0,1,0,0,26.25,0,0,1,0,1,0,1
"239",0,0,0,1,0,1,10.5,0,0,1,0,1,0,0
"240",0,0,0,1,0,1,12.275,0,0,1,0,1,0,0
"241",1,0,0,0,1,0,14.4542,1,0,0,0,0,1,0
"242",1,0,0,0,1,0,15.5,0,1,0,0,0,1,1
"243",0,0,0,1,0,1,10.5,0,0,1,0,1,0,0
"244",0,0,0,0,1,1,7.125,0,0,1,0,1,0,0
"245",0,0,0,0,1,1,7.225,1,0,0,0,1,0,0
"246",2,0,1,0,0,1,90,0,1,0,0,1,0,0
"247",0,0,0,0,1,0,7.775,0,0,1,0,1,0,0
"248",0,2,0,1,0,0,14.5,0,0,1,0,1,0,1
"249",1,1,1,0,0,1,52.5542,0,0,1,0,1,0,1
"250",1,0,0,1,0,1,26,0,0,1,0,1,0,0
"251",0,0,0,0,1,1,7.25,0,0,1,0,0,1,0
"252",1,1,0,0,1,0,10.4625,0,0,1,0,1,0,0
"253",0,0,1,0,0,1,26.55,0,0,1,0,1,0,0
"254",1,0,0,0,1,1,16.1,0,0,1,0,1,0,0
"255",0,2,0,0,1,0,20.2125,0,0,1,0,1,0,0
"256",0,2,0,0,1,0,15.2458,1,0,0,0,1,0,1
"257",0,0,1,0,0,0,79.2,1,0,0,0,0,1,1
"258",0,0,1,0,0,0,86.5,0,0,1,0,1,0,1
"259",0,0,1,0,0,0,512.3292,1,0,0,0,1,0,1
"260",0,1,0,1,0,0,26,0,0,1,0,1,0,1
"261",0,0,0,0,1,1,7.75,0,1,0,0,0,1,0
"262",4,2,0,0,1,1,31.3875,0,0,1,0,1,0,1
"263",1,1,1,0,0,1,79.65,0,0,1,0,1,0,0
"264",0,0,1,0,0,1,0,0,0,1,0,1,0,0
"265",0,0,0,0,1,0,7.75,0,1,0,0,0,1,0
"266",0,0,0,1,0,1,10.5,0,0,1,0,1,0,0
"267",4,1,0,0,1,1,39.6875,0,0,1,0,1,0,0
"268",1,0,0,0,1,1,7.775,0,0,1,0,1,0,1
"269",0,1,1,0,0,0,153.4625,0,0,1,0,1,0,1
"270",0,0,1,0,0,0,135.6333,0,0,1,0,1,0,1
"271",0,0,1,0,0,1,31,0,0,1,0,0,1,0
"272",0,0,0,0,1,1,0,0,0,1,0,1,0,1
"273",0,1,0,1,0,0,19.5,0,0,1,0,1,0,1
"274",0,1,1,0,0,1,29.7,1,0,0,0,1,0,0
"275",0,0,0,0,1,0,7.75,0,1,0,0,0,1,1
"276",1,0,1,0,0,0,77.9583,0,0,1,0,1,0,1
"277",0,0,0,0,1,0,7.75,0,0,1,0,1,0,0
"278",0,0,0,1,0,1,0,0,0,1,0,0,1,0
"279",4,1,0,0,1,1,29.125,0,1,0,0,1,0,0
"280",1,1,0,0,1,0,20.25,0,0,1,0,1,0,1
"281",0,0,0,0,1,1,7.75,0,1,0,0,1,0,0
"282",0,0,0,0,1,1,7.8542,0,0,1,0,1,0,0
"283",0,0,0,0,1,1,9.5,0,0,1,0,1,0,0
"284",0,0,0,0,1,1,8.05,0,0,1,0,1,0,1
"285",0,0,1,0,0,1,26,0,0,1,0,0,1,0
"286",0,0,0,0,1,1,8.6625,1,0,0,0,1,0,0
"287",0,0,0,0,1,1,9.5,0,0,1,0,1,0,1
"288",0,0,0,0,1,1,7.8958,0,0,1,0,1,0,0
"289",0,0,0,1,0,1,13,0,0,1,0,1,0,1
"290",0,0,0,0,1,0,7.75,0,1,0,0,1,0,1
"291",0,0,1,0,0,0,78.85,0,0,1,0,1,0,1
"292",1,0,1,0,0,0,91.0792,1,0,0,0,1,0,1
"293",0,0,0,1,0,1,12.875,1,0,0,0,1,0,0
"294",0,0,0,0,1,0,8.85,0,0,1,0,1,0,0
"295",0,0,0,0,1,1,7.8958,0,0,1,0,1,0,0
"296",0,0,1,0,0,1,27.7208,1,0,0,0,0,1,0
"297",0,0,0,0,1,1,7.2292,1,0,0,0,1,0,0
"298",1,2,1,0,0,0,151.55,0,0,1,1,0,0,0
"299",0,0,1,0,0,1,30.5,0,0,1,0,0,1,1
"300",0,1,1,0,0,0,247.5208,1,0,0,0,1,0,1
"301",0,0,0,0,1,0,7.75,0,1,0,0,0,1,1
"302",2,0,0,0,1,1,23.25,0,1,0,0,0,1,1
"303",0,0,0,0,1,1,0,0,0,1,0,1,0,0
"304",0,0,0,1,0,0,12.35,0,1,0,0,0,1,1
"305",0,0,0,0,1,1,8.05,0,0,1,0,0,1,0
"306",1,2,1,0,0,1,151.55,0,0,1,1,0,0,1
"307",0,0,1,0,0,0,110.8833,1,0,0,0,0,1,1
"308",1,0,1,0,0,0,108.9,1,0,0,0,1,0,1
"309",1,0,0,1,0,1,24,1,0,0,0,1,0,0
"310",0,0,1,0,0,0,56.9292,1,0,0,0,1,0,1
"311",0,0,1,0,0,0,83.1583,1,0,0,0,1,0,1
"312",2,2,1,0,0,0,262.375,1,0,0,0,1,0,1
"313",1,1,0,1,0,0,26,0,0,1,0,1,0,0
"314",0,0,0,0,1,1,7.8958,0,0,1,0,1,0,0
"315",1,1,0,1,0,1,26.25,0,0,1,0,1,0,0
"316",0,0,0,0,1,0,7.8542,0,0,1,0,1,0,1
"317",1,0,0,1,0,0,26,0,0,1,0,1,0,1
"318",0,0,0,1,0,1,14,0,0,1,0,1,0,0
"319",0,2,1,0,0,0,164.8667,0,0,1,0,1,0,1
"320",1,1,1,0,0,0,134.5,1,0,0,0,1,0,1
"321",0,0,0,0,1,1,7.25,0,0,1,0,1,0,0
"322",0,0,0,0,1,1,7.8958,0,0,1,0,1,0,0
"323",0,0,0,1,0,0,12.35,0,1,0,0,1,0,1
"324",1,1,0,1,0,0,29,0,0,1,0,1,0,1
"325",8,2,0,0,1,1,69.55,0,0,1,0,0,1,0
"326",0,0,1,0,0,0,135.6333,1,0,0,0,1,0,1
"327",0,0,0,0,1,1,6.2375,0,0,1,0,1,0,0
"328",0,0,0,1,0,0,13,0,0,1,0,1,0,1
"329",1,1,0,0,1,0,20.525,0,0,1,0,1,0,1
"330",0,1,1,0,0,0,57.9792,1,0,0,0,1,0,1
"331",2,0,0,0,1,0,23.25,0,1,0,0,0,1,1
"332",0,0,1,0,0,1,28.5,0,0,1,0,1,0,0
"333",0,1,1,0,0,1,153.4625,0,0,1,0,1,0,0
"334",2,0,0,0,1,1,18,0,0,1,0,1,0,0
"335",1,0,1,0,0,0,133.65,0,0,1,0,0,1,1
"336",0,0,0,0,1,1,7.8958,0,0,1,0,0,1,0
"337",1,0,1,0,0,1,66.6,0,0,1,0,1,0,0
"338",0,0,1,0,0,0,134.5,1,0,0,0,1,0,1
"339",0,0,0,0,1,1,8.05,0,0,1,0,1,0,1
"340",0,0,1,0,0,1,35.5,0,0,1,0,1,0,0
"341",1,1,0,1,0,1,26,0,0,1,1,0,0,1
"342",3,2,1,0,0,0,263,0,0,1,0,1,0,1
"343",0,0,0,1,0,1,13,0,0,1,0,1,0,0
"344",0,0,0,1,0,1,13,0,0,1,0,1,0,0
"345",0,0,0,1,0,1,13,0,0,1,0,1,0,0
"346",0,0,0,1,0,0,13,0,0,1,0,1,0,1
"347",0,0,0,1,0,0,13,0,0,1,0,1,0,1
"348",1,0,0,0,1,0,16.1,0,0,1,0,0,1,1
"349",1,1,0,0,1,1,15.9,0,0,1,0,1,0,1
"350",0,0,0,0,1,1,8.6625,0,0,1,0,1,0,0
"351",0,0,0,0,1,1,9.225,0,0,1,0,1,0,0
"352",0,0,1,0,0,1,35,0,0,1,0,0,1,0
"353",1,1,0,0,1,1,7.2292,1,0,0,0,1,0,0
"354",1,0,0,0,1,1,17.8,0,0,1,0,1,0,0
"355",0,0,0,0,1,1,7.225,1,0,0,0,0,1,0
"356",0,0,0,0,1,1,9.5,0,0,1,0,1,0,0
"357",0,1,1,0,0,0,55,0,0,1,0,1,0,1
"358",0,0,0,1,0,0,13,0,0,1,0,1,0,0
"359",0,0,0,0,1,0,7.8792,0,1,0,0,0,1,1
"360",0,0,0,0,1,0,7.8792,0,1,0,0,0,1,1
"361",1,4,0,0,1,1,27.9,0,0,1,0,1,0,0
"362",1,0,0,1,0,1,27.7208,1,0,0,0,1,0,0
"363",0,1,0,0,1,0,14.4542,1,0,0,0,1,0,0
"364",0,0,0,0,1,1,7.05,0,0,1,0,1,0,0
"365",1,0,0,0,1,1,15.5,0,1,0,0,0,1,0
"366",0,0,0,0,1,1,7.25,0,0,1,0,1,0,0
"367",1,0,1,0,0,0,75.25,1,0,0,0,1,0,1
"368",0,0,0,0,1,0,7.2292,1,0,0,0,0,1,1
"369",0,0,0,0,1,0,7.75,0,1,0,0,0,1,1
"370",0,0,1,0,0,0,69.3,1,0,0,0,1,0,1
"371",1,0,1,0,0,1,55.4417,1,0,0,0,1,0,1
"372",1,0,0,0,1,1,6.4958,0,0,1,0,1,0,0
"373",0,0,0,0,1,1,8.05,0,0,1,0,1,0,0
"374",0,0,1,0,0,1,135.6333,1,0,0,0,1,0,0
"375",3,1,0,0,1,0,21.075,0,0,1,0,1,0,0
"376",1,0,1,0,0,0,82.1708,1,0,0,0,0,1,1
"377",0,0,0,0,1,0,7.25,0,0,1,0,1,0,1
"378",0,2,1,0,0,1,211.5,1,0,0,0,1,0,0
"379",0,0,0,0,1,1,4.0125,1,0,0,0,1,0,0
"380",0,0,0,0,1,1,7.775,0,0,1,0,1,0,0
"381",0,0,1,0,0,0,227.525,1,0,0,0,1,0,1
"382",0,2,0,0,1,0,15.7417,1,0,0,1,0,0,1
"383",0,0,0,0,1,1,7.925,0,0,1,0,1,0,0
"384",1,0,1,0,0,0,52,0,0,1,0,1,0,1
"385",0,0,0,0,1,1,7.8958,0,0,1,0,0,1,0
"386",0,0,0,1,0,1,73.5,0,0,1,0,1,0,0
"387",5,2,0,0,1,1,46.9,0,0,1,1,0,0,0
"388",0,0,0,1,0,0,13,0,0,1,0,1,0,1
"389",0,0,0,0,1,1,7.7292,0,1,0,0,0,1,0
"390",0,0,0,1,0,0,12,1,0,0,0,1,0,1
"391",1,2,1,0,0,1,120,0,0,1,0,1,0,1
"392",0,0,0,0,1,1,7.7958,0,0,1,0,1,0,1
"393",2,0,0,0,1,1,7.925,0,0,1,0,1,0,0
"394",1,0,1,0,0,0,113.275,1,0,0,0,1,0,1
"395",0,2,0,0,1,0,16.7,0,0,1,0,1,0,1
"396",0,0,0,0,1,1,7.7958,0,0,1,0,1,0,0
"397",0,0,0,0,1,0,7.8542,0,0,1,0,1,0,0
"398",0,0,0,1,0,1,26,0,0,1,0,1,0,0
"399",0,0,0,1,0,1,10.5,0,0,1,0,1,0,0
"400",0,0,0,1,0,0,12.65,0,0,1,0,1,0,1
"401",0,0,0,0,1,1,7.925,0,0,1,0,1,0,1
"402",0,0,0,0,1,1,8.05,0,0,1,0,1,0,0
"403",1,0,0,0,1,0,9.825,0,0,1,0,1,0,0
"404",1,0,0,0,1,1,15.85,0,0,1,0,1,0,0
"405",0,0,0,0,1,0,8.6625,0,0,1,0,1,0,0
"406",1,0,0,1,0,1,21,0,0,1,0,1,0,0
"407",0,0,0,0,1,1,7.75,0,0,1,0,1,0,0
"408",1,1,0,1,0,1,18.75,0,0,1,0,1,0,1
"409",0,0,0,0,1,1,7.775,0,0,1,0,1,0,0
"410",3,1,0,0,1,0,25.4667,0,0,1,0,0,1,0
"411",0,0,0,0,1,1,7.8958,0,0,1,0,0,1,0
"412",0,0,0,0,1,1,6.8583,0,1,0,0,0,1,0
"413",1,0,1,0,0,0,90,0,1,0,0,1,0,1
"414",0,0,0,1,0,1,0,0,0,1,0,0,1,0
"415",0,0,0,0,1,1,7.925,0,0,1,0,1,0,1
"416",0,0,0,0,1,0,8.05,0,0,1,0,0,1,0
"417",1,1,0,1,0,0,32.5,0,0,1,0,1,0,1
"418",0,2,0,1,0,0,13,0,0,1,0,1,0,1
"419",0,0,0,1,0,1,13,0,0,1,0,1,0,0
"420",0,2,0,0,1,0,24.15,0,0,1,0,1,0,0
"421",0,0,0,0,1,1,7.8958,1,0,0,0,0,1,0
"422",0,0,0,0,1,1,7.7333,0,1,0,0,1,0,0
"423",0,0,0,0,1,1,7.875,0,0,1,0,1,0,0
"424",1,1,0,0,1,0,14.4,0,0,1,0,1,0,0
"425",1,1,0,0,1,1,20.2125,0,0,1,0,1,0,0
"426",0,0,0,0,1,1,7.25,0,0,1,0,0,1,0
"427",1,0,0,1,0,0,26,0,0,1,0,1,0,1
"428",0,0,0,1,0,0,26,0,0,1,0,1,0,1
"429",0,0,0,0,1,1,7.75,0,1,0,0,0,1,0
"430",0,0,0,0,1,1,8.05,0,0,1,0,1,0,1
"431",0,0,1,0,0,1,26.55,0,0,1,0,1,0,1
"432",1,0,0,0,1,0,16.1,0,0,1,0,0,1,1
"433",1,0,0,1,0,0,26,0,0,1,0,1,0,1
"434",0,0,0,0,1,1,7.125,0,0,1,0,1,0,0
"435",1,0,1,0,0,1,55.9,0,0,1,0,1,0,0
"436",1,2,1,0,0,0,120,0,0,1,0,1,0,1
"437",2,2,0,0,1,0,34.375,0,0,1,0,1,0,0
"438",2,3,0,1,0,0,18.75,0,0,1,0,1,0,1
"439",1,4,1,0,0,1,263,0,0,1,0,1,0,0
"440",0,0,0,1,0,1,10.5,0,0,1,0,1,0,0
"441",1,1,0,1,0,0,26.25,0,0,1,0,1,0,1
"442",0,0,0,0,1,1,9.5,0,0,1,0,1,0,0
"443",1,0,0,0,1,1,7.775,0,0,1,0,1,0,0
"444",0,0,0,1,0,0,13,0,0,1,0,1,0,1
"445",0,0,0,0,1,1,8.1125,0,0,1,0,0,1,1
"446",0,2,1,0,0,1,81.8583,0,0,1,0,1,0,1
"447",0,1,0,1,0,0,19.5,0,0,1,0,1,0,1
"448",0,0,1,0,0,1,26.55,0,0,1,0,1,0,1
"449",2,1,0,0,1,0,19.2583,1,0,0,0,1,0,1
"450",0,0,1,0,0,1,30.5,0,0,1,0,1,0,1
"451",1,2,0,1,0,1,27.75,0,0,1,0,1,0,0
"452",1,0,0,0,1,1,19.9667,0,0,1,0,0,1,0
"453",0,0,1,0,0,1,27.75,1,0,0,0,1,0,0
"454",1,0,1,0,0,1,89.1042,1,0,0,0,1,0,1
"455",0,0,0,0,1,1,8.05,0,0,1,0,0,1,0
"456",0,0,0,0,1,1,7.8958,1,0,0,0,1,0,1
"457",0,0,1,0,0,1,26.55,0,0,1,0,1,0,0
"458",1,0,1,0,0,0,51.8625,0,0,1,0,0,1,1
"459",0,0,0,1,0,0,10.5,0,0,1,0,1,0,1
"460",0,0,0,0,1,1,7.75,0,1,0,0,0,1,0
"461",0,0,1,0,0,1,26.55,0,0,1,0,1,0,1
"462",0,0,0,0,1,1,8.05,0,0,1,0,1,0,0
"463",0,0,1,0,0,1,38.5,0,0,1,0,1,0,0
"464",0,0,0,1,0,1,13,0,0,1,0,1,0,0
"465",0,0,0,0,1,1,8.05,0,0,1,0,0,1,0
"466",0,0,0,0,1,1,7.05,0,0,1,0,1,0,0
"467",0,0,0,1,0,1,0,0,0,1,0,0,1,0
"468",0,0,1,0,0,1,26.55,0,0,1,0,1,0,0
"469",0,0,0,0,1,1,7.725,0,1,0,0,0,1,0
"470",2,1,0,0,1,0,19.2583,1,0,0,1,0,0,1
"471",0,0,0,0,1,1,7.25,0,0,1,0,0,1,0
"472",0,0,0,0,1,1,8.6625,0,0,1,0,1,0,0
"473",1,2,0,1,0,0,27.75,0,0,1,0,1,0,1
"474",0,0,0,1,0,0,13.7917,1,0,0,0,1,0,1
"475",0,0,0,0,1,0,9.8375,0,0,1,0,1,0,0
"476",0,0,1,0,0,1,52,0,0,1,0,0,1,0
"477",1,0,0,1,0,1,21,0,0,1,0,1,0,0
"478",1,0,0,0,1,1,7.0458,0,0,1,0,1,0,0
"479",0,0,0,0,1,1,7.5208,0,0,1,0,1,0,0
"480",0,1,0,0,1,0,12.2875,0,0,1,1,0,0,1
"481",5,2,0,0,1,1,46.9,0,0,1,0,1,0,0
"482",0,0,0,1,0,1,0,0,0,1,0,0,1,0
"483",0,0,0,0,1,1,8.05,0,0,1,0,1,0,0
"484",0,0,0,0,1,0,9.5875,0,0,1,0,1,0,1
"485",1,0,1,0,0,1,91.0792,1,0,0,0,1,0,1
"486",3,1,0,0,1,0,25.4667,0,0,1,0,0,1,0
"487",1,0,1,0,0,0,90,0,0,1,0,1,0,1
"488",0,0,1,0,0,1,29.7,1,0,0,0,1,0,0
"489",0,0,0,0,1,1,8.05,0,0,1,0,1,0,0
"490",1,1,0,0,1,1,15.9,0,0,1,0,1,0,1
"491",1,0,0,0,1,1,19.9667,0,0,1,0,0,1,0
"492",0,0,0,0,1,1,7.25,0,0,1,0,1,0,0
"493",0,0,1,0,0,1,30.5,0,0,1,0,1,0,0
"494",0,0,1,0,0,1,49.5042,1,0,0,0,1,0,0
"495",0,0,0,0,1,1,8.05,0,0,1,0,1,0,0
"496",0,0,0,0,1,1,14.4583,1,0,0,0,0,1,0
"497",1,0,1,0,0,0,78.2667,1,0,0,0,1,0,1
"498",0,0,0,0,1,1,15.1,0,0,1,0,0,1,0
"499",1,2,1,0,0,0,151.55,0,0,1,0,1,0,0
"500",0,0,0,0,1,1,7.7958,0,0,1,0,1,0,0
"501",0,0,0,0,1,1,8.6625,0,0,1,0,1,0,0
"502",0,0,0,0,1,0,7.75,0,1,0,0,1,0,0
"503",0,0,0,0,1,0,7.6292,0,1,0,0,0,1,0
"504",0,0,0,0,1,0,9.5875,0,0,1,0,1,0,0
"505",0,0,1,0,0,0,86.5,0,0,1,0,1,0,1
"506",1,0,1,0,0,1,108.9,1,0,0,0,1,0,0
"507",0,2,0,1,0,0,26,0,0,1,0,1,0,1
"508",0,0,1,0,0,1,26.55,0,0,1,0,0,1,1
"509",0,0,0,0,1,1,22.525,0,0,1,0,1,0,0
"510",0,0,0,0,1,1,56.4958,0,0,1,0,1,0,1
"511",0,0,0,0,1,1,7.75,0,1,0,0,1,0,1
"512",0,0,0,0,1,1,8.05,0,0,1,0,0,1,0
"513",0,0,1,0,0,1,26.2875,0,0,1,0,1,0,1
"514",1,0,1,0,0,0,59.4,1,0,0,0,1,0,1
"515",0,0,0,0,1,1,7.4958,0,0,1,0,1,0,0
"516",0,0,1,0,0,1,34.0208,0,0,1,0,1,0,0
"517",0,0,0,1,0,0,10.5,0,0,1,0,1,0,1
"518",0,0,0,0,1,1,24.15,0,1,0,0,0,1,0
"519",1,0,0,1,0,0,26,0,0,1,0,1,0,1
"520",0,0,0,0,1,1,7.8958,0,0,1,0,1,0,0
"521",0,0,1,0,0,0,93.5,0,0,1,0,1,0,1
"522",0,0,0,0,1,1,7.8958,0,0,1,0,1,0,0
"523",0,0,0,0,1,1,7.225,1,0,0,0,0,1,0
"524",0,1,1,0,0,0,57.9792,1,0,0,0,1,0,1
"525",0,0,0,0,1,1,7.2292,1,0,0,0,0,1,0
"526",0,0,0,0,1,1,7.75,0,1,0,0,1,0,0
"527",0,0,0,1,0,0,10.5,0,0,1,0,1,0,1
"528",0,0,1,0,0,1,221.7792,0,0,1,0,0,1,0
"529",0,0,0,0,1,1,7.925,0,0,1,0,1,0,0
"530",2,1,0,1,0,1,11.5,0,0,1,0,1,0,0
"531",1,1,0,1,0,0,26,0,0,1,1,0,0,1
"532",0,0,0,0,1,1,7.2292,1,0,0,0,0,1,0
"533",1,1,0,0,1,1,7.2292,1,0,0,0,1,0,0
"534",0,2,0,0,1,0,22.3583,1,0,0,0,0,1,1
"535",0,0,0,0,1,0,8.6625,0,0,1,0,1,0,0
"536",0,2,0,1,0,0,26.25,0,0,1,0,1,0,1
"537",0,0,1,0,0,1,26.55,0,0,1,0,1,0,0
"538",0,0,1,0,0,0,106.425,1,0,0,0,1,0,1
"539",0,0,0,0,1,1,14.5,0,0,1,0,0,1,0
"540",0,2,1,0,0,0,49.5,1,0,0,0,1,0,1
"541",0,2,1,0,0,0,71,0,0,1,0,1,0,1
"542",4,2,0,0,1,0,31.275,0,0,1,0,1,0,0
"543",4,2,0,0,1,0,31.275,0,0,1,0,1,0,0
"544",1,0,0,1,0,1,26,0,0,1,0,1,0,1
"545",1,0,1,0,0,1,106.425,1,0,0,0,1,0,0
"546",0,0,1,0,0,1,26,0,0,1,0,1,0,0
"547",1,0,0,1,0,0,26,0,0,1,0,1,0,1
"548",0,0,0,1,0,1,13.8625,1,0,0,0,0,1,1
"549",1,1,0,0,1,1,20.525,0,0,1,0,1,0,0
"550",1,1,0,1,0,1,36.75,0,0,1,0,1,0,1
"551",0,2,1,0,0,1,110.8833,1,0,0,0,1,0,1
"552",0,0,0,1,0,1,26,0,0,1,0,1,0,0
"553",0,0,0,0,1,1,7.8292,0,1,0,0,0,1,0
"554",0,0,0,0,1,1,7.225,1,0,0,0,1,0,1
"555",0,0,0,0,1,0,7.775,0,0,1,0,1,0,1
"556",0,0,1,0,0,1,26.55,0,0,1,0,1,0,0
"557",1,0,1,0,0,0,39.6,1,0,0,0,1,0,1
"558",0,0,1,0,0,1,227.525,1,0,0,0,0,1,0
"559",1,1,1,0,0,0,79.65,0,0,1,0,1,0,1
"560",1,0,0,0,1,0,17.4,0,0,1,0,1,0,1
"561",0,0,0,0,1,1,7.75,0,1,0,0,0,1,0
"562",0,0,0,0,1,1,7.8958,0,0,1,0,1,0,0
"563",0,0,0,1,0,1,13.5,0,0,1,0,1,0,0
"564",0,0,0,0,1,1,8.05,0,0,1,0,0,1,0
"565",0,0,0,0,1,0,8.05,0,0,1,0,0,1,0
"566",2,0,0,0,1,1,24.15,0,0,1,0,1,0,0
"567",0,0,0,0,1,1,7.8958,0,0,1,0,1,0,0
"568",0,4,0,0,1,0,21.075,0,0,1,0,1,0,0
"569",0,0,0,0,1,1,7.2292,1,0,0,0,0,1,0
"570",0,0,0,0,1,1,7.8542,0,0,1,0,1,0,1
"571",0,0,0,1,0,1,10.5,0,0,1,0,1,0,1
"572",2,0,1,0,0,0,51.4792,0,0,1,0,1,0,1
"573",0,0,1,0,0,1,26.3875,0,0,1,0,1,0,1
"574",0,0,0,0,1,0,7.75,0,1,0,0,0,1,1
"575",0,0,0,0,1,1,8.05,0,0,1,0,1,0,0
"576",0,0,0,0,1,1,14.5,0,0,1,0,1,0,0
"577",0,0,0,1,0,0,13,0,0,1,0,1,0,1
"578",1,0,1,0,0,0,55.9,0,0,1,0,1,0,1
"579",1,0,0,0,1,0,14.4583,1,0,0,0,0,1,0
"580",0,0,0,0,1,1,7.925,0,0,1,0,1,0,1
"581",1,1,0,1,0,0,30,0,0,1,0,1,0,1
"582",1,1,1,0,0,0,110.8833,1,0,0,0,1,0,1
"583",0,0,0,1,0,1,26,0,0,1,0,1,0,0
"584",0,0,1,0,0,1,40.125,1,0,0,0,1,0,0
"585",0,0,0,0,1,1,8.7125,1,0,0,0,0,1,0
"586",0,2,1,0,0,0,79.65,0,0,1,0,1,0,1
"587",0,0,0,1,0,1,15,0,0,1,0,1,0,0
"588",1,1,1,0,0,1,79.2,1,0,0,0,1,0,1
"589",0,0,0,0,1,1,8.05,0,0,1,0,1,0,0
"590",0,0,0,0,1,1,8.05,0,0,1,0,0,1,0
"591",0,0,0,0,1,1,7.125,0,0,1,0,1,0,0
"592",1,0,1,0,0,0,78.2667,1,0,0,0,1,0,1
"593",0,0,0,0,1,1,7.25,0,0,1,0,1,0,0
"594",0,2,0,0,1,0,7.75,0,1,0,0,0,1,0
"595",1,0,0,1,0,1,26,0,0,1,0,1,0,0
"596",1,1,0,0,1,1,24.15,0,0,1,0,1,0,0
"597",0,0,0,1,0,0,33,0,0,1,0,0,1,1
"598",0,0,0,0,1,1,0,0,0,1,0,1,0,0
"599",0,0,0,0,1,1,7.225,1,0,0,0,0,1,0
"600",1,0,1,0,0,1,56.9292,1,0,0,0,1,0,1
"601",2,1,0,1,0,0,27,0,0,1,0,1,0,1
"602",0,0,0,0,1,1,7.8958,0,0,1,0,0,1,0
"603",0,0,1,0,0,1,42.4,0,0,1,0,0,1,0
"604",0,0,0,0,1,1,8.05,0,0,1,0,1,0,0
"605",0,0,1,0,0,1,26.55,1,0,0,0,1,0,1
"606",1,0,0,0,1,1,15.55,0,0,1,0,1,0,0
"607",0,0,0,0,1,1,7.8958,0,0,1,0,1,0,0
"608",0,0,1,0,0,1,30.5,0,0,1,0,1,0,1
"609",1,2,0,1,0,0,41.5792,1,0,0,0,1,0,1
"610",0,0,1,0,0,0,153.4625,0,0,1,0,1,0,1
"611",1,5,0,0,1,0,31.275,0,0,1,0,1,0,0
"612",0,0,0,0,1,1,7.05,0,0,1,0,0,1,0
"613",1,0,0,0,1,0,15.5,0,1,0,0,0,1,1
"614",0,0,0,0,1,1,7.75,0,1,0,0,0,1,0
"615",0,0,0,0,1,1,8.05,0,0,1,0,1,0,0
"616",1,2,0,1,0,0,65,0,0,1,0,1,0,1
"617",1,1,0,0,1,1,14.4,0,0,1,0,1,0,0
"618",1,0,0,0,1,0,16.1,0,0,1,0,1,0,0
"619",2,1,0,1,0,0,39,0,0,1,0,1,0,1
"620",0,0,0,1,0,1,10.5,0,0,1,0,1,0,0
"621",1,0,0,0,1,1,14.4542,1,0,0,0,1,0,0
"622",1,0,1,0,0,1,52.5542,0,0,1,0,1,0,1
"623",1,1,0,0,1,1,15.7417,1,0,0,0,1,0,1
"624",0,0,0,0,1,1,7.8542,0,0,1,0,1,0,0
"625",0,0,0,0,1,1,16.1,0,0,1,0,1,0,0
"626",0,0,1,0,0,1,32.3208,0,0,1,0,1,0,0
"627",0,0,0,1,0,1,12.35,0,1,0,0,1,0,0
"628",0,0,1,0,0,0,77.9583,0,0,1,0,1,0,1
"629",0,0,0,0,1,1,7.8958,0,0,1,0,1,0,0
"630",0,0,0,0,1,1,7.7333,0,1,0,0,0,1,0
"631",0,0,1,0,0,1,30,0,0,1,0,1,0,1
"632",0,0,0,0,1,1,7.0542,0,0,1,0,1,0,0
"633",0,0,1,0,0,1,30.5,1,0,0,0,1,0,1
"634",0,0,1,0,0,1,0,0,0,1,0,0,1,0
"635",3,2,0,0,1,0,27.9,0,0,1,0,1,0,0
"636",0,0,0,1,0,0,13,0,0,1,0,1,0,1
"637",0,0,0,0,1,1,7.925,0,0,1,0,1,0,0
"638",1,1,0,1,0,1,26.25,0,0,1,0,1,0,0
"639",0,5,0,0,1,0,39.6875,0,0,1,0,1,0,0
"640",1,0,0,0,1,1,16.1,0,0,1,0,0,1,0
"641",0,0,0,0,1,1,7.8542,0,0,1,0,1,0,0
"642",0,0,1,0,0,0,69.3,1,0,0,0,1,0,1
"643",3,2,0,0,1,0,27.9,0,0,1,1,0,0,0
"644",0,0,0,0,1,1,56.4958,0,0,1,0,0,1,1
"645",2,1,0,0,1,0,19.2583,1,0,0,1,0,0,1
"646",1,0,1,0,0,1,76.7292,1,0,0,0,1,0,1
"647",0,0,0,0,1,1,7.8958,0,0,1,0,1,0,0
"648",0,0,1,0,0,1,35.5,1,0,0,0,1,0,1
"649",0,0,0,0,1,1,7.55,0,0,1,0,0,1,0
"650",0,0,0,0,1,0,7.55,0,0,1,0,1,0,1
"651",0,0,0,0,1,1,7.8958,0,0,1,0,0,1,0
"652",0,1,0,1,0,0,23,0,0,1,0,1,0,1
"653",0,0,0,0,1,1,8.4333,0,0,1,0,1,0,0
"654",0,0,0,0,1,0,7.8292,0,1,0,0,0,1,1
"655",0,0,0,0,1,0,6.75,0,1,0,0,1,0,0
"656",2,0,0,1,0,1,73.5,0,0,1,0,1,0,0
"657",0,0,0,0,1,1,7.8958,0,0,1,0,0,1,0
"658",1,1,0,0,1,0,15.5,0,1,0,0,1,0,0
"659",0,0,0,1,0,1,13,0,0,1,0,1,0,0
"660",0,2,1,0,0,1,113.275,1,0,0,0,1,0,0
"661",2,0,1,0,0,1,133.65,0,0,1,0,1,0,1
"662",0,0,0,0,1,1,7.225,1,0,0,0,1,0,0
"663",0,0,1,0,0,1,25.5875,0,0,1,0,1,0,0
"664",0,0,0,0,1,1,7.4958,0,0,1,0,1,0,0
"665",1,0,0,0,1,1,7.925,0,0,1,0,1,0,1
"666",2,0,0,1,0,1,73.5,0,0,1,0,1,0,0
"667",0,0,0,1,0,1,13,0,0,1,0,1,0,0
"668",0,0,0,0,1,1,7.775,0,0,1,0,0,1,0
"669",0,0,0,0,1,1,8.05,0,0,1,0,1,0,0
"670",1,0,1,0,0,0,52,0,0,1,0,0,1,1
"671",1,1,0,1,0,0,39,0,0,1,0,1,0,1
"672",1,0,1,0,0,1,52,0,0,1,0,1,0,0
"673",0,0,0,1,0,1,10.5,0,0,1,0,1,0,0
"674",0,0,0,1,0,1,13,0,0,1,0,1,0,1
"675",0,0,0,1,0,1,0,0,0,1,0,0,1,0
"676",0,0,0,0,1,1,7.775,0,0,1,0,1,0,0
"677",0,0,0,0,1,1,8.05,0,0,1,0,1,0,0
"678",0,0,0,0,1,0,9.8417,0,0,1,0,1,0,1
"679",1,6,0,0,1,0,46.9,0,0,1,0,1,0,0
"680",0,1,1,0,0,1,512.3292,1,0,0,0,1,0,1
"681",0,0,0,0,1,0,8.1375,0,1,0,0,0,1,0
"682",0,0,1,0,0,1,76.7292,1,0,0,0,1,0,1
"683",0,0,0,0,1,1,9.225,0,0,1,0,1,0,0
"684",5,2,0,0,1,1,46.9,0,0,1,0,1,0,0
"685",1,1,0,1,0,1,39,0,0,1,0,1,0,0
"686",1,2,0,1,0,1,41.5792,1,0,0,0,1,0,0
"687",4,1,0,0,1,1,39.6875,0,0,1,0,1,0,0
"688",0,0,0,0,1,1,10.1708,0,0,1,0,1,0,0
"689",0,0,0,0,1,1,7.7958,0,0,1,0,1,0,0
"690",0,1,1,0,0,0,211.3375,0,0,1,0,1,0,1
"691",1,0,1,0,0,1,57,0,0,1,0,1,0,1
"692",0,1,0,0,1,0,13.4167,1,0,0,0,1,0,1
"693",0,0,0,0,1,1,56.4958,0,0,1,0,0,1,1
"694",0,0,0,0,1,1,7.225,1,0,0,0,1,0,0
"695",0,0,1,0,0,1,26.55,0,0,1,0,1,0,0
"696",0,0,0,1,0,1,13.5,0,0,1,0,1,0,0
"697",0,0,0,0,1,1,8.05,0,0,1,0,1,0,0
"698",0,0,0,0,1,0,7.7333,0,1,0,0,0,1,1
"699",1,1,1,0,0,1,110.8833,1,0,0,0,1,0,0
"700",0,0,0,0,1,1,7.65,0,0,1,0,1,0,0
"701",1,0,1,0,0,0,227.525,1,0,0,0,1,0,1
"702",0,0,1,0,0,1,26.2875,0,0,1,0,1,0,1
"703",0,1,0,0,1,0,14.4542,1,0,0,0,1,0,0
"704",0,0,0,0,1,1,7.7417,0,1,0,0,1,0,0
"705",1,0,0,0,1,1,7.8542,0,0,1,0,1,0,0
"706",0,0,0,1,0,1,26,0,0,1,0,1,0,0
"707",0,0,0,1,0,0,13.5,0,0,1,0,1,0,1
"708",0,0,1,0,0,1,26.2875,0,0,1,0,1,0,1
"709",0,0,1,0,0,0,151.55,0,0,1,0,1,0,1
"710",1,1,0,0,1,1,15.2458,1,0,0,0,0,1,1
"711",0,0,1,0,0,0,49.5042,1,0,0,0,1,0,1
"712",0,0,1,0,0,1,26.55,0,0,1,0,0,1,0
"713",1,0,1,0,0,1,52,0,0,1,0,1,0,1
"714",0,0,0,0,1,1,9.4833,0,0,1,0,1,0,0
"715",0,0,0,1,0,1,13,0,0,1,0,1,0,0
"716",0,0,0,0,1,1,7.65,0,0,1,0,1,0,0
"717",0,0,1,0,0,0,227.525,1,0,0,0,1,0,1
"718",0,0,0,1,0,0,10.5,0,0,1,0,1,0,1
"719",0,0,0,0,1,1,15.5,0,1,0,0,0,1,0
"720",0,0,0,0,1,1,7.775,0,0,1,0,1,0,0
"721",0,1,0,1,0,0,33,0,0,1,0,1,0,1
"722",1,0,0,0,1,1,7.0542,0,0,1,0,1,0,0
"723",0,0,0,1,0,1,13,0,0,1,0,1,0,0
"724",0,0,0,1,0,1,13,0,0,1,0,1,0,0
"725",1,0,1,0,0,1,53.1,0,0,1,0,1,0,1
"726",0,0,0,0,1,1,8.6625,0,0,1,0,1,0,0
"727",3,0,0,1,0,0,21,0,0,1,0,1,0,1
"728",0,0,0,0,1,0,7.7375,0,1,0,0,0,1,1
"729",1,0,0,1,0,1,26,0,0,1,0,1,0,0
"730",1,0,0,0,1,0,7.925,0,0,1,0,1,0,0
"731",0,0,1,0,0,0,211.3375,0,0,1,0,1,0,1
"732",0,0,0,0,1,1,18.7875,1,0,0,0,1,0,0
"733",0,0,0,1,0,1,0,0,0,1,0,0,1,0
"734",0,0,0,1,0,1,13,0,0,1,0,1,0,0
"735",0,0,0,1,0,1,13,0,0,1,0,1,0,0
"736",0,0,0,0,1,1,16.1,0,0,1,0,1,0,0
"737",1,3,0,0,1,0,34.375,0,0,1,0,1,0,0
"738",0,0,1,0,0,1,512.3292,1,0,0,0,1,0,1
"739",0,0,0,0,1,1,7.8958,0,0,1,0,0,1,0
"740",0,0,0,0,1,1,7.8958,0,0,1,0,0,1,0
"741",0,0,1,0,0,1,30,0,0,1,0,0,1,1
"742",1,0,1,0,0,1,78.85,0,0,1,0,1,0,0
"743",2,2,1,0,0,0,262.375,1,0,0,0,1,0,1
"744",1,0,0,0,1,1,16.1,0,0,1,0,1,0,0
"745",0,0,0,0,1,1,7.925,0,0,1,0,1,0,1
"746",1,1,1,0,0,1,71,0,0,1,0,1,0,0
"747",1,1,0,0,1,1,20.25,0,0,1,0,1,0,0
"748",0,0,0,1,0,0,13,0,0,1,0,1,0,1
"749",1,0,1,0,0,1,53.1,0,0,1,0,1,0,0
"750",0,0,0,0,1,1,7.75,0,1,0,0,1,0,0
"751",1,1,0,1,0,0,23,0,0,1,0,1,0,1
"752",0,1,0,0,1,1,12.475,0,0,1,0,1,0,1
"753",0,0,0,0,1,1,9.5,0,0,1,0,1,0,0
"754",0,0,0,0,1,1,7.8958,0,0,1,0,1,0,0
"755",1,2,0,1,0,0,65,0,0,1,0,1,0,1
"756",1,1,0,1,0,1,14.5,0,0,1,1,0,0,1
"757",0,0,0,0,1,1,7.7958,0,0,1,0,1,0,0
"758",0,0,0,1,0,1,11.5,0,0,1,0,1,0,0
"759",0,0,0,0,1,1,8.05,0,0,1,0,1,0,0
"760",0,0,1,0,0,0,86.5,0,0,1,0,1,0,1
"761",0,0,0,0,1,1,14.5,0,0,1,0,0,1,0
"762",0,0,0,0,1,1,7.125,0,0,1,0,1,0,0
"763",0,0,0,0,1,1,7.2292,1,0,0,0,1,0,1
"764",1,2,1,0,0,0,120,0,0,1,0,1,0,1
"765",0,0,0,0,1,1,7.775,0,0,1,0,1,0,0
"766",1,0,1,0,0,0,77.9583,0,0,1,0,1,0,1
"767",0,0,1,0,0,1,39.6,1,0,0,0,0,1,0
"768",0,0,0,0,1,0,7.75,0,1,0,0,1,0,0
"769",1,0,0,0,1,1,24.15,0,1,0,0,0,1,0
"770",0,0,0,0,1,1,8.3625,0,0,1,0,1,0,0
"771",0,0,0,0,1,1,9.5,0,0,1,0,1,0,0
"772",0,0,0,0,1,1,7.8542,0,0,1,0,1,0,0
"773",0,0,0,1,0,0,10.5,0,0,1,0,1,0,0
"774",0,0,0,0,1,1,7.225,1,0,0,0,0,1,0
"775",1,3,0,1,0,0,23,0,0,1,0,1,0,1
"776",0,0,0,0,1,1,7.75,0,0,1,0,1,0,0
"777",0,0,0,0,1,1,7.75,0,1,0,0,0,1,0
"778",0,0,0,0,1,0,12.475,0,0,1,0,1,0,1
"779",0,0,0,0,1,1,7.7375,0,1,0,0,0,1,0
"780",0,1,1,0,0,0,211.3375,0,0,1,0,1,0,1
"781",0,0,0,0,1,0,7.2292,1,0,0,0,1,0,1
"782",1,0,1,0,0,0,57,0,0,1,0,1,0,1
"783",0,0,1,0,0,1,30,0,0,1,0,1,0,0
"784",1,2,0,0,1,1,23.45,0,0,1,0,0,1,0
"785",0,0,0,0,1,1,7.05,0,0,1,0,1,0,0
"786",0,0,0,0,1,1,7.25,0,0,1,0,1,0,0
"787",0,0,0,0,1,0,7.4958,0,0,1,0,1,0,1
"788",4,1,0,0,1,1,29.125,0,1,0,0,1,0,0
"789",1,2,0,0,1,1,20.575,0,0,1,1,0,0,1
"790",0,0,1,0,0,1,79.2,1,0,0,0,1,0,0
"791",0,0,0,0,1,1,7.75,0,1,0,0,0,1,0
"792",0,0,0,1,0,1,26,0,0,1,0,1,0,0
"793",8,2,0,0,1,0,69.55,0,0,1,0,0,1,0
"794",0,0,1,0,0,1,30.6958,1,0,0,0,0,1,0
"795",0,0,0,0,1,1,7.8958,0,0,1,0,1,0,0
"796",0,0,0,1,0,1,13,0,0,1,0,1,0,0
"797",0,0,1,0,0,0,25.9292,0,0,1,0,1,0,1
"798",0,0,0,0,1,0,8.6833,0,0,1,0,1,0,1
"799",0,0,0,0,1,1,7.2292,1,0,0,0,1,0,0
"800",1,1,0,0,1,0,24.15,0,0,1,0,1,0,0
"801",0,0,0,1,0,1,13,0,0,1,0,1,0,0
"802",1,1,0,1,0,0,26.25,0,0,1,0,1,0,1
"803",1,2,1,0,0,1,120,0,0,1,0,1,0,1
"804",0,1,0,0,1,1,8.5167,1,0,0,1,0,0,1
"805",0,0,0,0,1,1,6.975,0,0,1,0,1,0,1
"806",0,0,0,0,1,1,7.775,0,0,1,0,1,0,0
"807",0,0,1,0,0,1,0,0,0,1,0,1,0,0
"808",0,0,0,0,1,0,7.775,0,0,1,0,1,0,0
"809",0,0,0,1,0,1,13,0,0,1,0,1,0,0
"810",1,0,1,0,0,0,53.1,0,0,1,0,1,0,1
"811",0,0,0,0,1,1,7.8875,0,0,1,0,1,0,0
"812",0,0,0,0,1,1,24.15,0,0,1,0,1,0,0
"813",0,0,0,1,0,1,10.5,0,0,1,0,1,0,0
"814",4,2,0,0,1,0,31.275,0,0,1,0,1,0,0
"815",0,0,0,0,1,1,8.05,0,0,1,0,1,0,0
"816",0,0,1,0,0,1,0,0,0,1,0,0,1,0
"817",0,0,0,0,1,0,7.925,0,0,1,0,1,0,0
"818",1,1,0,1,0,1,37.0042,1,0,0,0,1,0,0
"819",0,0,0,0,1,1,6.45,0,0,1,0,1,0,0
"820",3,2,0,0,1,1,27.9,0,0,1,0,1,0,0
"821",1,1,1,0,0,0,93.5,0,0,1,0,1,0,1
"822",0,0,0,0,1,1,8.6625,0,0,1,0,1,0,1
"823",0,0,1,0,0,1,0,0,0,1,0,1,0,0
"824",0,1,0,0,1,0,12.475,0,0,1,0,1,0,1
"825",4,1,0,0,1,1,39.6875,0,0,1,1,0,0,0
"826",0,0,0,0,1,1,6.95,0,1,0,0,0,1,0
"827",0,0,0,0,1,1,56.4958,0,0,1,0,0,1,0
"828",0,2,0,1,0,1,37.0042,1,0,0,1,0,0,1
"829",0,0,0,0,1,1,7.75,0,1,0,0,0,1,1
"830",0,0,1,0,0,0,80,0,0,0,0,1,0,1
"831",1,0,0,0,1,0,14.4542,1,0,0,0,1,0,1
"832",1,1,0,1,0,1,18.75,0,0,1,1,0,0,1
"833",0,0,0,0,1,1,7.2292,1,0,0,0,0,1,0
"834",0,0,0,0,1,1,7.8542,0,0,1,0,1,0,0
"835",0,0,0,0,1,1,8.3,0,0,1,0,1,0,0
"836",1,1,1,0,0,0,83.1583,1,0,0,0,1,0,1
"837",0,0,0,0,1,1,8.6625,0,0,1,0,1,0,0
"838",0,0,0,0,1,1,8.05,0,0,1,0,0,1,0
"839",0,0,0,0,1,1,56.4958,0,0,1,0,1,0,1
"840",0,0,1,0,0,1,29.7,1,0,0,0,0,1,1
"841",0,0,0,0,1,1,7.925,0,0,1,0,1,0,0
"842",0,0,0,1,0,1,10.5,0,0,1,0,1,0,0
"843",0,0,1,0,0,0,31,1,0,0,0,1,0,1
"844",0,0,0,0,1,1,6.4375,1,0,0,0,1,0,0
"845",0,0,0,0,1,1,8.6625,0,0,1,0,1,0,0
"846",0,0,0,0,1,1,7.55,0,0,1,0,1,0,0
"847",8,2,0,0,1,1,69.55,0,0,1,0,0,1,0
"848",0,0,0,0,1,1,7.8958,1,0,0,0,1,0,0
"849",0,1,0,1,0,1,33,0,0,1,0,1,0,0
"850",1,0,1,0,0,0,89.1042,1,0,0,0,0,1,1
"851",4,2,0,0,1,1,31.275,0,0,1,0,1,0,0
"852",0,0,0,0,1,1,7.775,0,0,1,0,1,0,0
"853",1,1,0,0,1,0,15.2458,1,0,0,0,1,0,0
"854",0,1,1,0,0,0,39.4,0,0,1,0,1,0,1
"855",1,0,0,1,0,0,26,0,0,1,0,1,0,0
"856",0,1,0,0,1,0,9.35,0,0,1,0,1,0,1
"857",1,1,1,0,0,0,164.8667,0,0,1,0,1,0,1
"858",0,0,1,0,0,1,26.55,0,0,1,0,1,0,1
"859",0,3,0,0,1,0,19.2583,1,0,0,0,1,0,1
"860",0,0,0,0,1,1,7.2292,1,0,0,0,0,1,0
"861",2,0,0,0,1,1,14.1083,0,0,1,0,1,0,0
"862",1,0,0,1,0,1,11.5,0,0,1,0,1,0,0
"863",0,0,1,0,0,0,25.9292,0,0,1,0,1,0,1
"864",8,2,0,0,1,0,69.55,0,0,1,0,0,1,0
"865",0,0,0,1,0,1,13,0,0,1,0,1,0,0
"866",0,0,0,1,0,0,13,0,0,1,0,1,0,1
"867",1,0,0,1,0,0,13.8583,1,0,0,0,1,0,1
"868",0,0,1,0,0,1,50.4958,0,0,1,0,1,0,0
"869",0,0,0,0,1,1,9.5,0,0,1,0,0,1,0
"870",1,1,0,0,1,1,11.1333,0,0,1,0,1,0,1
"871",0,0,0,0,1,1,7.8958,0,0,1,0,1,0,0
"872",1,1,1,0,0,0,52.5542,0,0,1,0,1,0,1
"873",0,0,1,0,0,1,5,0,0,1,0,1,0,0
"874",0,0,0,0,1,1,9,0,0,1,0,1,0,0
"875",1,0,0,1,0,0,24,1,0,0,0,1,0,1
"876",0,0,0,0,1,0,7.225,1,0,0,0,1,0,1
"877",0,0,0,0,1,1,9.8458,0,0,1,0,1,0,0
"878",0,0,0,0,1,1,7.8958,0,0,1,0,1,0,0
"879",0,0,0,0,1,1,7.8958,0,0,1,0,0,1,0
"880",0,1,1,0,0,0,83.1583,1,0,0,0,1,0,1
"881",0,1,0,1,0,0,26,0,0,1,0,1,0,1
"882",0,0,0,0,1,1,7.8958,0,0,1,0,1,0,0
"883",0,0,0,0,1,0,10.5167,0,0,1,0,1,0,0
"884",0,0,0,1,0,1,10.5,0,0,1,0,1,0,0
"885",0,0,0,0,1,1,7.05,0,0,1,0,1,0,0
"886",0,5,0,0,1,0,29.125,0,1,0,0,1,0,0
"887",0,0,0,1,0,1,13,0,0,1,0,1,0,0
"888",0,0,1,0,0,0,30,0,0,1,0,1,0,1
"889",1,2,0,0,1,0,23.45,0,0,1,0,0,1,0
"890",0,0,1,0,0,1,30,1,0,0,0,1,0,1
"891",0,0,0,0,1,1,7.75,0,1,0,0,1,0,0
