"id","PassengerId","SibSp","Parch","CabinCat","TicketId","Age","Class.1","Class.2","Class.3","Gender","Fare.1","Fare.2","Fare.3","Embarked.C","Embarked.Q","Embarked.S","Embarked.NA","Survived"
"1",1,1,0,0,524,22,0,0,1,1,1,0,0,0,0,1,0,0
"2",2,1,0,3,597,38,1,0,0,0,0,1,0,1,0,0,0,1
"3",3,0,0,0,670,26,0,0,1,0,1,0,0,0,0,1,0,1
"4",4,1,0,3,50,35,1,0,0,0,0,1,0,0,0,1,0,1
"5",5,0,0,0,473,35,0,0,1,1,1,0,0,0,0,1,0,0
"6",6,0,0,0,276,29.6991176470588,0,0,1,1,1,0,0,0,1,0,0,0
"7",7,0,0,5,86,54,1,0,0,1,0,1,0,0,0,1,0,0
"8",8,3,1,0,396,2,0,0,1,1,0,1,0,0,0,1,0,0
"9",9,0,2,0,345,27,0,0,1,0,0,1,0,0,0,1,0,1
"10",10,1,0,0,133,14,0,1,0,0,0,1,0,1,0,0,0,1
"11",11,1,1,7,617,4,0,0,1,0,0,1,0,0,0,1,0,1
"12",12,0,0,3,39,58,1,0,0,0,0,1,0,0,0,1,0,1
"13",13,0,0,0,536,20,0,0,1,1,1,0,0,0,0,1,0,0
"14",14,1,3,0,334,39,0,0,1,1,0,1,0,0,0,1,0,0
"15",15,0,0,0,414,14,0,0,1,0,1,0,0,0,0,1,0,0
"16",16,0,0,0,154,55,0,1,0,0,0,1,0,0,0,1,0,1
"17",17,3,1,0,481,2,0,0,1,1,0,1,0,0,1,0,0,0
"18",18,0,0,0,152,29.6991176470588,0,1,0,1,0,1,0,0,0,1,0,1
"19",19,1,0,0,302,31,0,0,1,0,0,1,0,0,0,1,0,0
"20",20,0,0,0,185,29.6991176470588,0,0,1,0,1,0,0,1,0,0,0,1
"21",21,0,0,0,140,35,0,1,0,1,0,1,0,0,0,1,0,0
"22",22,0,0,4,153,34,0,1,0,1,0,1,0,0,0,1,0,1
"23",23,0,0,0,279,15,0,0,1,0,1,0,0,0,1,0,0,1
"24",24,0,0,1,43,28,1,0,0,1,0,1,0,0,0,1,0,1
"25",25,3,1,0,396,8,0,0,1,0,0,1,0,0,0,1,0,0
"26",26,1,3,0,330,38,0,0,1,0,0,1,0,0,0,1,0,1
"27",27,0,0,0,180,29.6991176470588,0,0,1,1,1,0,0,1,0,0,0,0
"28",28,3,2,3,96,19,1,0,0,1,0,0,1,0,0,1,0,0
"29",29,0,0,0,284,9,0,0,1,0,1,0,0,0,1,0,0,1
"30",30,0,0,0,363,29.6991176470588,0,0,1,1,1,0,0,0,0,1,0,0
"31",31,0,0,0,599,40,1,0,0,1,0,1,0,1,0,0,0,0
"32",32,1,0,2,587,29.6991176470588,1,0,0,0,0,0,1,1,0,0,0,1
"33",33,0,0,0,289,9,0,0,1,0,1,0,0,0,1,0,0,1
"34",34,0,0,0,550,66,0,1,0,1,0,1,0,0,0,1,0,0
"35",35,1,0,0,601,28,1,0,0,1,0,1,0,1,0,0,0,0
"36",36,1,0,0,44,42,1,0,0,1,0,1,0,0,0,1,0,0
"37",37,0,0,0,203,29.6991176470588,0,0,1,1,1,0,0,1,0,0,0,1
"38",38,0,0,0,515,21,0,0,1,1,1,0,0,0,0,1,0,0
"39",39,2,0,0,303,18,0,0,1,0,0,1,0,0,0,1,0,0
"40",40,1,0,0,187,14,0,0,1,0,0,1,0,1,0,0,0,1
"41",41,1,0,0,508,40,0,0,1,0,1,0,0,0,0,1,0,0
"42",42,1,0,0,54,27,0,1,0,0,0,1,0,0,0,1,0,0
"43",43,0,0,0,392,29.6991176470588,0,0,1,1,1,0,0,1,0,0,0,0
"44",44,1,2,0,630,3,0,1,0,0,0,1,0,1,0,0,0,1
"45",45,0,0,0,283,19,0,0,1,0,1,0,0,0,1,0,0,1
"46",46,0,0,0,618,29.6991176470588,0,0,1,1,1,0,0,0,0,1,0,0
"47",47,1,0,0,463,29.6991176470588,0,0,1,1,0,1,0,0,1,0,0,0
"48",48,0,0,0,77,9,0,0,1,0,1,0,0,0,1,0,0,1
"49",49,2,0,0,191,29.6991176470588,0,0,1,1,0,1,0,1,0,0,0,0
"50",50,1,0,0,378,18,0,0,1,0,0,1,0,0,0,1,0,0
"51",51,3,1,0,250,7,0,0,1,1,0,1,0,0,0,1,0,0
"52",52,0,0,0,523,21,0,0,1,1,1,0,0,0,0,1,0,0
"53",53,1,0,4,588,49,1,0,0,0,0,1,0,1,0,0,0,1
"54",54,1,0,0,240,29,0,1,0,0,0,1,0,0,0,1,0,1
"55",55,0,1,2,30,65,1,0,0,1,0,1,0,1,0,0,0,0
"56",56,0,0,3,95,29.6991176470588,1,0,0,1,0,1,0,0,0,1,0,1
"57",57,0,0,0,556,21,0,1,0,0,0,1,0,0,0,1,0,1
"58",58,0,0,0,216,28.5,0,0,1,1,1,0,0,1,0,0,0,0
"59",59,1,2,0,562,5,0,1,0,0,0,1,0,0,0,1,0,1
"60",60,3,2,0,567,11,0,0,1,1,0,1,0,0,0,1,0,0
"61",61,0,0,0,198,22,0,0,1,1,1,0,0,1,0,0,0,0
"62",62,0,0,2,33,38,1,0,0,0,0,1,0,0,0,0,1,1
"63",63,1,0,3,458,45,1,0,0,1,0,1,0,0,0,1,0,0
"64",64,3,2,0,338,4,0,0,1,1,0,1,0,0,0,1,0,0
"65",65,0,0,0,602,29.6991176470588,1,0,0,1,0,1,0,1,0,0,0,0
"66",66,1,1,0,190,29.6991176470588,0,0,1,1,0,1,0,1,0,0,0,1
"67",67,0,0,6,554,29,0,1,0,0,0,1,0,0,0,1,0,1
"68",68,0,0,0,624,19,0,0,1,1,1,0,0,0,0,1,0,0
"69",69,3,2,0,249,17,0,0,1,0,1,0,0,0,0,1,0,1
"70",70,2,0,0,271,26,0,0,1,1,1,0,0,0,0,1,0,0
"71",71,0,0,0,558,32,0,1,0,1,0,1,0,0,0,1,0,0
"72",72,3,2,0,567,16,0,0,1,0,0,1,0,0,0,1,0,0
"73",73,0,0,0,622,21,0,1,0,1,0,1,0,0,0,1,0,0
"74",74,1,0,0,205,26,0,0,1,1,0,1,0,1,0,0,0,0
"75",75,0,0,0,81,32,0,0,1,1,0,1,0,0,0,1,0,1
"76",76,0,0,6,348,25,0,0,1,1,1,0,0,0,0,1,0,0
"77",77,0,0,0,356,29.6991176470588,0,0,1,1,1,0,0,0,0,1,0,0
"78",78,0,0,0,474,29.6991176470588,0,0,1,1,1,0,0,0,0,1,0,0
"79",79,0,2,0,159,0.83,0,1,0,1,0,1,0,0,0,1,0,1
"80",80,0,0,0,433,30,0,0,1,0,0,1,0,0,0,1,0,1
"81",81,0,0,0,305,22,0,0,1,1,1,0,0,0,0,1,0,0
"82",82,0,0,0,312,29,0,0,1,1,1,0,0,0,0,1,0,1
"83",83,0,0,0,281,9,0,0,1,0,1,0,0,0,1,0,0,1
"84",84,0,0,0,26,28,1,0,0,1,0,1,0,0,0,1,0,0
"85",85,0,0,0,638,17,0,1,0,0,0,1,0,0,0,1,0,1
"86",86,3,0,0,248,33,0,0,1,0,0,1,0,0,0,1,0,1
"87",87,1,3,0,677,16,0,0,1,1,0,1,0,0,0,1,0,0
"88",88,0,0,0,653,29.6991176470588,0,0,1,1,1,0,0,0,0,1,0,0
"89",89,3,2,3,96,23,1,0,0,0,0,0,1,0,0,1,0,1
"90",90,0,0,0,298,24,0,0,1,1,1,0,0,0,0,1,0,0
"91",91,0,0,0,299,29,0,0,1,1,1,0,0,0,0,1,0,0
"92",92,0,0,0,342,20,0,0,1,1,1,0,0,0,0,1,0,0
"93",93,1,0,5,679,46,1,0,0,1,0,1,0,0,0,1,0,0
"94",94,1,2,0,549,26,0,0,1,1,0,1,0,0,0,1,0,0
"95",95,0,0,0,429,59,0,0,1,1,1,0,0,0,0,1,0,0
"96",96,0,0,0,476,29.6991176470588,0,0,1,1,1,0,0,0,0,1,0,0
"97",97,0,0,1,608,71,1,0,0,1,0,1,0,1,0,0,0,0
"98",98,0,1,4,613,23,1,0,0,1,0,1,0,1,0,0,0,1
"99",99,0,1,0,118,34,0,1,0,0,0,1,0,0,0,1,0,1
"100",100,1,0,0,151,34,0,1,0,1,0,1,0,0,0,1,0,0
"101",101,0,0,0,385,28,0,0,1,0,1,0,0,0,0,1,0,0
"102",102,0,0,0,362,29.6991176470588,0,0,1,1,1,0,0,0,0,1,0,0
"103",103,0,1,4,418,21,1,0,0,1,0,1,0,0,0,1,0,0
"104",104,0,0,0,506,33,0,0,1,1,1,0,0,0,0,1,0,0
"105",105,2,0,0,246,37,0,0,1,1,1,0,0,0,0,1,0,0
"106",106,0,0,0,355,28,0,0,1,1,1,0,0,0,0,1,0,0
"107",107,0,0,0,297,21,0,0,1,0,1,0,0,0,0,1,0,1
"108",108,0,0,0,255,29.6991176470588,0,0,1,1,1,0,0,0,0,1,0,1
"109",109,0,0,0,389,38,0,0,1,1,1,0,0,0,0,1,0,0
"110",110,1,0,0,470,9,0,0,1,0,0,1,0,0,1,0,0,1
"111",111,0,0,3,3,47,1,0,0,1,0,1,0,0,0,1,0,0
"112",112,1,0,0,194,14.5,0,0,1,0,0,1,0,1,0,0,0,0
"113",113,0,0,0,275,22,0,0,1,1,1,0,0,0,0,1,0,0
"114",114,1,0,0,492,20,0,0,1,0,1,0,0,0,0,1,0,0
"115",115,0,0,0,177,17,0,0,1,0,0,1,0,1,0,0,0,0
"116",116,0,0,0,667,21,0,0,1,1,1,0,0,0,0,1,0,0
"117",117,0,0,0,461,70.5,0,0,1,1,1,0,0,0,1,0,0,0
"118",118,1,0,0,54,29,0,1,0,1,0,1,0,0,0,1,0,0
"119",119,0,1,2,586,24,1,0,0,1,0,0,1,1,0,0,0,0
"120",120,3,2,0,334,2,0,0,1,0,0,1,0,0,0,1,0,0
"121",121,2,0,0,622,21,0,1,0,1,0,1,0,0,0,1,0,0
"122",122,0,0,0,541,29.6991176470588,0,0,1,1,1,0,0,0,0,1,0,0
"123",123,1,0,0,133,32.5,0,1,0,1,0,1,0,1,0,0,0,0
"124",124,0,0,5,220,32.5,0,1,0,0,0,1,0,0,0,1,0,1
"125",125,0,1,4,418,54,1,0,0,1,0,1,0,0,0,1,0,0
"126",126,1,0,0,187,12,0,0,1,1,0,1,0,1,0,0,0,1
"127",127,0,0,0,464,29.6991176470588,0,0,1,1,1,0,0,0,1,0,0,0
"128",128,0,0,0,542,24,0,0,1,1,1,0,0,0,0,1,0,1
"129",129,1,1,6,197,9,0,0,1,0,0,1,0,1,0,0,0,1
"130",130,0,0,0,319,45,0,0,1,1,1,0,0,0,0,1,0,0
"131",131,0,0,0,381,33,0,0,1,1,1,0,0,1,0,0,0,0
"132",132,0,0,0,641,20,0,0,1,1,1,0,0,0,0,1,0,0
"133",133,1,0,0,538,47,0,0,1,0,0,1,0,0,0,1,0,0
"134",134,1,0,0,112,29,0,1,0,0,0,1,0,0,0,1,0,1
"135",135,0,0,0,553,25,0,1,0,1,0,1,0,0,0,1,0,0
"136",136,0,0,0,632,23,0,1,0,1,0,1,0,1,0,0,0,0
"137",137,0,2,4,56,19,1,0,0,0,0,1,0,0,0,1,0,1
"138",138,1,0,3,50,37,1,0,0,1,0,1,0,0,0,1,0,0
"139",139,0,0,0,505,16,0,0,1,1,1,0,0,0,0,1,0,0
"140",140,0,0,2,593,24,1,0,0,1,0,1,0,1,0,0,0,0
"141",141,0,2,0,204,29.6991176470588,0,0,1,0,0,1,0,1,0,0,0,0
"142",142,0,0,0,333,22,0,0,1,0,1,0,0,0,0,1,0,1
"143",143,1,0,0,669,24,0,0,1,0,0,1,0,0,0,1,0,1
"144",144,0,0,0,439,19,0,0,1,1,1,0,0,0,1,0,0,0
"145",145,0,0,0,119,18,0,1,0,1,0,1,0,0,0,1,0,0
"146",146,1,1,0,559,19,0,1,0,1,0,1,0,0,0,1,0,0
"147",147,0,0,0,406,27,0,0,1,1,1,0,0,0,0,1,0,1
"148",148,2,2,0,677,9,0,0,1,0,0,1,0,0,0,1,0,0
"149",149,0,2,6,114,36.5,0,1,0,1,0,1,0,0,0,1,0,0
"150",150,0,0,0,148,42,0,1,0,1,0,1,0,0,0,1,0,0
"151",151,0,0,0,623,51,0,1,0,1,0,1,0,0,0,1,0,0
"152",152,1,0,3,37,22,1,0,0,0,0,1,0,0,0,1,0,1
"153",153,0,0,0,517,55.5,0,0,1,1,1,0,0,0,0,1,0,0
"154",154,0,2,0,539,40.5,0,0,1,1,0,1,0,0,0,1,0,0
"155",155,0,0,0,574,29.6991176470588,0,0,1,1,1,0,0,0,0,1,0,0
"156",156,0,1,0,596,51,1,0,0,1,0,1,0,1,0,0,0,0
"157",157,0,0,0,419,16,0,0,1,0,1,0,0,0,1,0,0,1
"158",158,0,0,0,655,30,0,0,1,1,1,0,0,0,0,1,0,0
"159",159,0,0,0,259,29.6991176470588,0,0,1,1,1,0,0,0,0,1,0,0
"160",160,3,2,0,569,9,0,0,1,1,0,1,0,0,0,1,0,0
"161",161,0,1,0,471,44,0,0,1,1,0,1,0,0,0,1,0,0
"162",162,0,0,0,560,40,0,1,0,0,0,1,0,0,0,1,0,1
"163",163,0,0,0,324,26,0,0,1,1,1,0,0,0,0,1,0,0
"164",164,0,0,0,266,17,0,0,1,1,1,0,0,0,0,1,0,0
"165",165,3,1,0,250,1,0,0,1,1,0,1,0,0,0,1,0,0
"166",166,0,2,0,424,9,0,0,1,1,0,1,0,0,0,1,0,1
"167",167,0,1,5,29,29.6991176470588,1,0,0,0,0,1,0,0,0,1,0,1
"168",168,1,3,0,338,45,0,0,1,0,0,1,0,0,0,1,0,0
"169",169,0,0,0,577,29.6991176470588,1,0,0,1,0,1,0,0,0,1,0,0
"170",170,0,0,0,81,28,0,0,1,1,0,1,0,0,0,1,0,0
"171",171,0,0,2,6,61,1,0,0,1,0,1,0,0,0,1,0,0
"172",172,3,1,0,481,4,0,0,1,1,0,1,0,0,1,0,0,0
"173",173,1,1,0,345,1,0,0,1,0,0,1,0,0,0,1,0,1
"174",174,0,0,0,660,21,0,0,1,1,1,0,0,0,0,1,0,0
"175",175,0,0,1,91,56,1,0,0,1,0,1,0,1,0,0,0,0
"176",176,1,1,0,413,18,0,0,1,1,1,0,0,0,0,1,0,0
"177",177,3,1,0,489,9,0,0,1,1,0,1,0,0,0,1,0,0
"178",178,0,0,3,594,50,1,0,0,0,0,1,0,1,0,0,0,0
"179",179,0,0,0,170,30,0,1,0,1,0,1,0,0,0,1,0,0
"180",180,0,0,0,575,36,0,0,1,1,1,0,0,0,0,1,0,0
"181",181,3,2,0,569,9,0,0,1,0,0,1,0,0,0,1,0,0
"182",182,0,0,0,631,29.6991176470588,0,1,0,1,0,1,0,1,0,0,0,0
"183",183,3,2,0,330,9,0,0,1,1,0,1,0,0,0,1,0,0
"184",184,2,1,6,115,1,0,1,0,1,0,1,0,0,0,1,0,1
"185",185,0,2,0,272,4,0,0,1,0,0,1,0,0,0,1,0,1
"186",186,0,0,1,35,29.6991176470588,1,0,0,1,0,1,0,0,0,1,0,0
"187",187,1,0,0,460,29.6991176470588,0,0,1,0,0,1,0,0,1,0,0,1
"188",188,0,0,0,12,45,1,0,0,1,0,1,0,0,0,1,0,1
"189",189,1,1,0,436,40,0,0,1,1,0,1,0,0,1,0,0,0
"190",190,0,0,0,387,36,0,0,1,1,1,0,0,0,0,1,0,0
"191",191,0,0,0,123,32,0,1,0,0,0,1,0,0,0,1,0,1
"192",192,0,0,0,228,19,0,1,0,1,0,1,0,0,0,1,0,0
"193",193,1,0,0,407,19,0,0,1,0,1,0,0,0,0,1,0,1
"194",194,1,1,6,114,3,0,1,0,1,0,1,0,0,0,1,0,1
"195",195,0,0,2,605,44,1,0,0,0,0,1,0,1,0,0,0,1
"196",196,0,0,2,587,58,1,0,0,0,0,0,1,1,0,0,0,1
"197",197,0,0,0,453,29.6991176470588,0,0,1,1,1,0,0,0,1,0,0,0
"198",198,0,1,0,495,42,0,0,1,1,1,0,0,0,0,1,0,0
"199",199,0,0,0,462,9,0,0,1,0,1,0,0,0,1,0,0,1
"200",200,0,0,0,161,24,0,1,0,0,0,1,0,0,0,1,0,0
"201",201,0,0,0,307,28,0,0,1,1,1,0,0,0,0,1,0,0
"202",202,3,2,0,569,29.6991176470588,0,0,1,1,0,1,0,0,0,1,0,0
"203",203,0,0,0,243,34,0,0,1,1,1,0,0,0,0,1,0,0
"204",204,0,0,0,178,45.5,0,0,1,1,1,0,0,1,0,0,0,0
"205",205,0,0,0,531,18,0,0,1,1,1,0,0,0,0,1,0,1
"206",206,0,1,7,317,2,0,0,1,0,0,1,0,0,0,1,0,0
"207",207,1,0,0,248,32,0,0,1,1,0,1,0,0,0,1,0,0
"208",208,0,0,0,217,26,0,0,1,1,0,1,0,1,0,0,0,1
"209",209,0,0,0,446,16,0,0,1,0,1,0,0,0,1,0,0,1
"210",210,0,0,1,18,40,1,0,0,1,0,1,0,1,0,0,0,1
"211",211,0,0,0,643,24,0,0,1,1,1,0,0,0,0,1,0,0
"212",212,0,0,0,571,35,0,1,0,0,0,1,0,0,0,1,0,1
"213",213,0,0,0,527,22,0,0,1,1,1,0,0,0,0,1,0,0
"214",214,0,0,0,164,30,0,1,0,1,0,1,0,0,0,1,0,0
"215",215,1,0,0,444,29.6991176470588,0,0,1,1,1,0,0,0,1,0,0,0
"216",216,1,0,4,417,31,1,0,0,0,0,0,1,1,0,0,0,1
"217",217,0,0,0,671,27,0,0,1,0,1,0,0,0,0,1,0,1
"218",218,1,0,0,143,42,0,1,0,1,0,1,0,0,0,1,0,0
"219",219,0,0,4,64,32,1,0,0,0,0,1,0,1,0,0,0,1
"220",220,0,0,0,680,30,0,1,0,1,0,1,0,0,0,1,0,0
"221",221,0,0,0,654,16,0,0,1,1,1,0,0,0,0,1,0,1
"222",222,0,0,0,106,27,0,1,0,1,0,1,0,0,0,1,0,0
"223",223,0,0,0,103,51,0,0,1,1,1,0,0,0,0,1,0,0
"224",224,0,0,0,376,29.6991176470588,0,0,1,1,1,0,0,0,0,1,0,0
"225",225,1,0,3,94,38,1,0,0,1,0,1,0,0,0,1,0,1
"226",226,0,0,0,616,22,0,0,1,1,1,0,0,0,0,1,0,0
"227",227,0,0,0,673,19,0,1,0,1,0,1,0,0,0,1,0,1
"228",228,0,0,0,526,20.5,0,0,1,1,1,0,0,0,0,1,0,0
"229",229,0,0,0,126,18,0,1,0,1,0,1,0,0,0,1,0,0
"230",230,3,1,0,489,9,0,0,1,0,0,1,0,0,0,1,0,0
"231",231,1,0,3,458,35,1,0,0,0,0,1,0,0,0,1,0,1
"232",232,0,0,0,323,29,0,0,1,1,1,0,0,0,0,1,0,0
"233",233,0,0,0,129,59,0,1,0,1,0,1,0,0,0,1,0,0
"234",234,3,2,0,330,5,0,0,1,0,0,1,0,0,0,1,0,1
"235",235,0,0,0,555,24,0,1,0,1,0,1,0,0,0,1,0,0
"236",236,0,0,0,678,9,0,0,1,0,1,0,0,0,0,1,0,0
"237",237,1,0,0,199,44,0,1,0,1,0,1,0,0,0,1,0,0
"238",238,0,2,0,557,8,0,1,0,0,0,1,0,0,0,1,0,1
"239",239,0,0,0,232,19,0,1,0,1,0,1,0,0,0,1,0,0
"240",240,0,0,0,637,33,0,1,0,1,0,1,0,0,0,1,0,0
"241",241,1,0,0,194,9,0,0,1,0,0,1,0,1,0,0,0,0
"242",242,1,0,0,445,9,0,0,1,0,0,1,0,0,1,0,0,1
"243",243,0,0,0,675,29,0,1,0,1,0,1,0,0,0,1,0,0
"244",244,0,0,0,659,22,0,0,1,1,1,0,0,0,0,1,0,0
"245",245,0,0,0,214,30,0,0,1,1,1,0,0,1,0,0,0,0
"246",246,2,0,3,93,44,1,0,0,1,0,1,0,0,1,0,0,0
"247",247,0,0,0,326,25,0,0,1,0,1,0,0,0,0,1,0,0
"248",248,0,2,0,167,24,0,1,0,0,0,1,0,0,0,1,0,1
"249",249,1,1,4,55,37,1,0,0,1,0,1,0,0,0,1,0,1
"250",250,1,0,0,145,54,0,1,0,1,0,1,0,0,0,1,0,0
"251",251,0,0,0,423,29.6991176470588,0,0,1,1,1,0,0,0,0,1,0,0
"252",252,1,1,7,317,29,0,0,1,0,0,1,0,0,0,1,0,0
"253",253,0,0,3,32,62,1,0,0,1,0,1,0,0,0,1,0,0
"254",254,1,0,0,537,30,0,0,1,1,0,1,0,0,0,1,0,0
"255",255,0,2,0,459,41,0,0,1,0,0,1,0,0,0,1,0,0
"256",256,0,2,0,186,29,0,0,1,0,0,1,0,1,0,0,0,1
"257",257,0,0,0,590,29.6991176470588,1,0,0,0,0,1,0,1,0,0,0,1
"258",258,0,0,2,1,30,1,0,0,0,0,1,0,0,0,1,0,1
"259",259,0,0,2,609,35,1,0,0,0,0,0,1,1,0,0,0,1
"260",260,0,1,0,116,50,0,1,0,0,0,1,0,0,0,1,0,1
"261",261,0,0,0,483,29.6991176470588,0,0,1,1,1,0,0,0,1,0,0,0
"262",262,3,2,0,330,3,0,0,1,1,0,1,0,0,0,1,0,1
"263",263,1,1,5,2,52,1,0,0,1,0,1,0,0,0,1,0,0
"264",264,0,0,2,17,40,1,0,0,1,1,0,0,0,0,1,0,0
"265",265,0,0,0,479,9,0,0,1,0,1,0,0,0,1,0,0,0
"266",266,0,0,0,547,36,0,1,0,1,0,1,0,0,0,1,0,0
"267",267,3,1,0,250,16,0,0,1,1,0,1,0,0,0,1,0,0
"268",268,1,0,0,335,25,0,0,1,1,1,0,0,0,0,1,0,1
"269",269,0,1,3,589,58,1,0,0,0,0,0,1,0,0,1,0,1
"270",270,0,0,3,614,35,1,0,0,0,0,0,1,0,0,1,0,1
"271",271,0,0,0,48,29.6991176470588,1,0,0,1,0,1,0,0,0,1,0,0
"272",272,0,0,0,575,25,0,0,1,1,1,0,0,0,0,1,0,1
"273",273,0,1,0,163,41,0,1,0,0,0,1,0,0,0,1,0,1
"274",274,0,1,3,595,37,1,0,0,1,0,1,0,1,0,0,0,0
"275",275,0,0,0,466,9,0,0,1,0,1,0,0,0,1,0,0,1
"276",276,1,0,4,72,63,1,0,0,0,0,1,0,0,0,1,0,1
"277",277,0,0,0,327,45,0,0,1,0,1,0,0,0,0,1,0,0
"278",278,0,0,0,136,29.6991176470588,0,1,0,1,1,0,0,0,0,1,0,0
"279",279,3,1,0,481,7,0,0,1,1,0,1,0,0,1,0,0,0
"280",280,1,1,0,552,35,0,0,1,0,0,1,0,0,0,1,0,1
"281",281,0,0,0,291,65,0,0,1,1,1,0,0,0,1,0,0,0
"282",282,0,0,0,341,28,0,0,1,1,1,0,0,0,0,1,0,0
"283",283,0,0,0,311,16,0,0,1,1,1,0,0,0,0,1,0,0
"284",284,0,0,0,534,19,0,0,1,1,1,0,0,0,0,1,0,1
"285",285,0,0,1,25,29.6991176470588,1,0,0,1,0,1,0,0,0,1,0,0
"286",286,0,0,0,379,33,0,0,1,1,1,0,0,1,0,0,0,0
"287",287,0,0,0,309,30,0,0,1,1,1,0,0,0,0,1,0,1
"288",288,0,0,0,354,22,0,0,1,1,1,0,0,0,0,1,0,0
"289",289,0,0,0,135,42,0,1,0,1,0,1,0,0,0,1,0,1
"290",290,0,0,0,465,22,0,0,1,0,1,0,0,0,1,0,0,1
"291",291,0,0,3,92,26,1,0,0,0,0,1,0,0,0,1,0,1
"292",292,1,0,2,65,19,1,0,0,0,0,1,0,1,0,0,0,1
"293",293,0,0,4,635,36,0,1,0,1,0,1,0,1,0,0,0,0
"294",294,0,0,0,377,24,0,0,1,0,1,0,0,0,0,1,0,0
"295",295,0,0,0,375,24,0,0,1,1,1,0,0,0,0,1,0,0
"296",296,0,0,0,607,29.6991176470588,1,0,0,1,0,1,0,1,0,0,0,0
"297",297,0,0,0,213,23.5,0,0,1,1,1,0,0,1,0,0,0,0
"298",298,1,2,3,38,2,1,0,0,0,0,0,1,0,0,1,0,0
"299",299,0,0,3,99,29.6991176470588,1,0,0,1,0,1,0,0,0,1,0,1
"300",300,0,1,2,586,50,1,0,0,0,0,0,1,1,0,0,0,1
"301",301,0,0,0,514,9,0,0,1,0,1,0,0,0,1,0,0,1
"302",302,2,0,0,442,29.6991176470588,0,0,1,1,0,1,0,0,1,0,0,1
"303",303,0,0,0,575,19,0,0,1,1,1,0,0,0,0,1,0,0
"304",304,0,0,5,110,9,0,1,0,0,0,1,0,0,1,0,0,1
"305",305,0,0,0,528,29.6991176470588,0,0,1,1,1,0,0,0,0,1,0,0
"306",306,1,2,3,38,0.92,1,0,0,1,0,0,1,0,0,1,0,1
"307",307,0,0,3,84,9,1,0,0,0,0,0,1,1,0,0,0,1
"308",308,1,0,3,612,17,1,0,0,0,0,0,1,1,0,0,0,1
"309",309,1,0,0,576,30,0,1,0,1,0,1,0,1,0,0,0,0
"310",310,0,0,5,585,30,1,0,0,0,0,1,0,1,0,0,0,1
"311",311,0,0,3,60,24,1,0,0,0,0,1,0,1,0,0,0,1
"312",312,2,2,2,603,18,1,0,0,0,0,0,1,1,0,0,0,1
"313",313,1,1,0,168,26,0,1,0,0,0,1,0,0,0,1,0,0
"314",314,0,0,0,383,28,0,0,1,1,1,0,0,0,0,1,0,0
"315",315,1,1,0,572,43,0,1,0,1,0,1,0,0,0,1,0,0
"316",316,0,0,0,344,26,0,0,1,0,1,0,0,0,0,1,0,1
"317",317,1,0,0,151,24,0,1,0,0,0,1,0,0,0,1,0,1
"318",318,0,0,0,233,54,0,1,0,1,0,1,0,0,0,1,0,0
"319",319,0,2,3,454,31,1,0,0,0,0,0,1,0,0,1,0,1
"320",320,1,1,5,82,40,1,0,0,0,0,0,1,1,0,0,0,1
"321",321,0,0,0,525,22,0,0,1,1,1,0,0,0,0,1,0,0
"322",322,0,0,0,366,27,0,0,1,1,1,0,0,0,0,1,0,0
"323",323,0,0,0,125,30,0,1,0,0,0,1,0,0,1,0,0,1
"324",324,1,1,0,159,22,0,1,0,0,0,1,0,0,0,1,0,1
"325",325,3,2,0,569,29.6991176470588,0,0,1,1,0,1,0,0,0,1,0,0
"326",326,0,0,3,614,36,1,0,0,0,0,0,1,1,0,0,0,1
"327",327,0,0,0,300,61,0,0,1,1,1,0,0,0,0,1,0,0
"328",328,0,0,4,230,36,0,1,0,0,0,1,0,0,0,1,0,1
"329",329,1,1,0,424,31,0,0,1,0,0,1,0,0,0,1,0,1
"330",330,0,1,2,8,16,1,0,0,0,0,1,0,1,0,0,0,1
"331",331,2,0,0,442,9,0,0,1,0,0,1,0,0,1,0,0,1
"332",332,0,0,3,21,45.5,1,0,0,1,0,1,0,0,0,1,0,0
"333",333,0,1,3,589,38,1,0,0,1,0,0,1,0,0,1,0,0
"334",334,2,0,0,303,16,0,0,1,1,0,1,0,0,0,1,0,0
"335",335,1,0,0,606,29.6991176470588,1,0,0,0,0,0,1,0,0,1,0,1
"336",336,0,0,0,371,29.6991176470588,0,0,1,1,1,0,0,0,0,1,0,0
"337",337,1,0,3,37,29,1,0,0,1,0,1,0,0,0,1,0,0
"338",338,0,0,5,82,41,1,0,0,0,0,0,1,1,0,0,0,1
"339",339,0,0,0,511,45,0,0,1,1,1,0,0,0,0,1,0,1
"340",340,0,0,20,40,45,1,0,0,1,0,1,0,0,0,1,0,0
"341",341,1,1,6,114,2,0,1,0,1,0,1,0,0,0,1,0,1
"342",342,3,2,3,96,24,1,0,0,0,0,0,1,0,0,1,0,1
"343",343,0,0,0,160,28,0,1,0,1,0,1,0,0,0,1,0,0
"344",344,0,0,0,150,25,0,1,0,1,0,1,0,0,0,1,0,0
"345",345,0,0,0,113,36,0,1,0,1,0,1,0,0,0,1,0,0
"346",346,0,0,6,158,24,0,1,0,0,0,1,0,0,0,1,0,1
"347",347,0,0,0,258,40,0,1,0,0,0,1,0,0,0,1,0,1
"348",348,1,0,0,484,29.6991176470588,0,0,1,0,0,1,0,0,0,1,0,1
"349",349,1,1,0,563,3,0,0,1,1,0,1,0,0,0,1,0,1
"350",350,0,0,0,263,42,0,0,1,1,1,0,0,0,0,1,0,0
"351",351,0,0,0,504,23,0,0,1,1,1,0,0,0,0,1,0,0
"352",352,0,0,3,31,29.6991176470588,1,0,0,1,0,1,0,0,0,1,0,0
"353",353,1,1,0,215,15,0,0,1,1,1,0,0,1,0,0,0,0
"354",354,1,0,0,378,25,0,0,1,1,0,1,0,0,0,1,0,0
"355",355,0,0,0,183,29.6991176470588,0,0,1,1,1,0,0,1,0,0,0,0
"356",356,0,0,0,315,28,0,0,1,1,1,0,0,0,0,1,0,0
"357",357,0,1,5,29,22,1,0,0,0,0,1,0,0,0,1,0,1
"358",358,0,0,0,132,38,0,1,0,0,0,1,0,0,0,1,0,0
"359",359,0,0,0,280,9,0,0,1,0,1,0,0,0,1,0,0,1
"360",360,0,0,0,286,9,0,0,1,0,1,0,0,0,1,0,0,1
"361",361,1,3,0,338,40,0,0,1,1,0,1,0,0,0,1,0,0
"362",362,1,0,0,636,29,0,1,0,1,0,1,0,1,0,0,0,0
"363",363,0,1,0,212,45,0,0,1,0,0,1,0,1,0,0,0,0
"364",364,0,0,0,642,35,0,0,1,1,1,0,0,0,0,1,0,0
"365",365,1,0,0,460,29.6991176470588,0,0,1,1,0,1,0,0,1,0,0,0
"366",366,0,0,0,545,30,0,0,1,1,1,0,0,0,0,1,0,0
"367",367,1,0,4,5,60,1,0,0,0,0,1,0,1,0,0,0,1
"368",368,0,0,0,176,29.6991176470588,0,0,1,0,1,0,0,1,0,0,0,1
"369",369,0,0,0,79,9,0,0,1,0,1,0,0,0,1,0,0,1
"370",370,0,0,2,582,24,1,0,0,0,0,1,0,1,0,0,0,1
"371",371,1,0,5,59,25,1,0,0,1,0,1,0,1,0,0,0,1
"372",372,1,0,0,245,18,0,0,1,1,1,0,0,0,0,1,0,0
"373",373,0,0,0,274,19,0,0,1,1,1,0,0,0,0,1,0,0
"374",374,0,0,3,614,22,1,0,0,1,0,0,1,1,0,0,0,0
"375",375,3,1,0,396,3,0,0,1,0,0,1,0,0,0,1,0,0
"376",376,1,0,0,601,29.6991176470588,1,0,0,0,0,1,0,1,0,0,0,1
"377",377,0,0,0,546,22,0,0,1,0,1,0,0,0,0,1,0,1
"378",378,0,2,3,28,27,1,0,0,1,0,0,1,1,0,0,0,0
"379",379,0,0,0,184,20,0,0,1,1,1,0,0,1,0,0,0,0
"380",380,0,0,0,325,19,0,0,1,1,1,0,0,0,0,1,0,0
"381",381,0,0,3,611,42,1,0,0,0,0,0,1,1,0,0,0,1
"382",382,0,2,0,188,1,0,0,1,0,0,1,0,1,0,0,0,1
"383",383,0,0,0,666,32,0,0,1,1,1,0,0,0,0,1,0,0
"384",384,1,0,0,44,35,1,0,0,0,0,1,0,0,0,1,0,1
"385",385,0,0,0,372,29.6991176470588,0,0,1,1,1,0,0,0,0,1,0,0
"386",386,0,0,0,622,18,0,1,0,1,0,1,0,0,0,1,0,0
"387",387,3,2,0,567,1,0,0,1,1,0,1,0,0,0,1,0,0
"388",388,0,0,0,221,36,0,1,0,0,0,1,0,0,0,1,0,1
"389",389,0,0,0,448,29.6991176470588,0,0,1,1,1,0,0,0,1,0,0,0
"390",390,0,0,0,626,17,0,1,0,0,0,1,0,1,0,0,0,1
"391",391,1,2,2,34,36,1,0,0,1,0,0,1,0,0,1,0,1
"392",392,0,0,0,402,21,0,0,1,1,1,0,0,0,0,1,0,1
"393",393,2,0,0,247,28,0,0,1,1,1,0,0,0,0,1,0,0
"394",394,1,0,4,417,23,1,0,0,0,0,0,1,1,0,0,0,1
"395",395,0,2,7,617,24,0,0,1,0,0,1,0,0,0,1,0,1
"396",396,0,0,0,411,22,0,0,1,1,1,0,0,0,0,1,0,0
"397",397,0,0,0,415,31,0,0,1,0,1,0,0,0,0,1,0,0
"398",398,0,0,0,227,46,0,1,0,1,0,1,0,0,0,1,0,0
"399",399,0,0,0,147,23,0,1,0,1,0,1,0,0,0,1,0,0
"400",400,0,0,0,141,28,0,1,0,0,0,1,0,0,0,1,0,1
"401",401,0,0,0,664,39,0,0,1,1,1,0,0,0,0,1,0,1
"402",402,0,0,0,293,26,0,0,1,1,1,0,0,0,0,1,0,0
"403",403,1,0,0,493,21,0,0,1,0,1,0,0,0,0,1,0,0
"404",404,1,0,0,669,28,0,0,1,1,0,1,0,0,0,1,0,0
"405",405,0,0,0,268,20,0,0,1,0,1,0,0,0,0,1,0,0
"406",406,1,0,0,231,34,0,1,0,1,0,1,0,0,0,1,0,0
"407",407,0,0,0,322,51,0,0,1,1,1,0,0,0,0,1,0,0
"408",408,1,1,0,238,3,0,1,0,1,0,1,0,0,0,1,0,1
"409",409,0,0,0,256,21,0,0,1,1,1,0,0,0,0,1,0,0
"410",410,3,1,0,489,9,0,0,1,0,0,1,0,0,0,1,0,0
"411",411,0,0,0,368,29.6991176470588,0,0,1,1,1,0,0,0,0,1,0,0
"412",412,0,0,0,488,29.6991176470588,0,0,1,1,1,0,0,0,1,0,0,0
"413",413,1,0,3,93,33,1,0,0,0,0,1,0,0,1,0,0,1
"414",414,0,0,0,136,29.6991176470588,0,1,0,1,1,0,0,0,0,1,0,0
"415",415,0,0,0,656,44,0,0,1,1,1,0,0,0,0,1,0,1
"416",416,0,0,0,296,29.6991176470588,0,0,1,0,1,0,0,0,0,1,0,0
"417",417,1,1,0,225,34,0,1,0,0,0,1,0,0,0,1,0,1
"418",418,0,2,0,169,18,0,1,0,0,0,1,0,0,0,1,0,1
"419",419,0,0,0,226,30,0,1,0,1,0,1,0,0,0,1,0,0
"420",420,0,2,0,308,10,0,0,1,0,0,1,0,0,0,1,0,0
"421",421,0,0,0,393,29.6991176470588,0,0,1,1,1,0,0,1,0,0,0,0
"422",422,0,0,0,535,21,0,0,1,1,1,0,0,0,1,0,0,0
"423",423,0,0,0,260,29,0,0,1,1,1,0,0,0,0,1,0,0
"424",424,1,1,0,332,28,0,0,1,0,0,1,0,0,0,1,0,0
"425",425,1,1,0,459,18,0,0,1,1,0,1,0,0,0,1,0,0
"426",426,0,0,0,522,29.6991176470588,0,0,1,1,1,0,0,0,0,1,0,0
"427",427,1,0,0,101,28,0,1,0,0,0,1,0,0,0,1,0,1
"428",428,0,0,0,171,19,0,1,0,0,0,1,0,0,0,1,0,1
"429",429,0,0,0,438,29.6991176470588,0,0,1,1,1,0,0,0,1,0,0,0
"430",430,0,0,5,645,32,0,0,1,1,1,0,0,0,0,1,0,1
"431",431,0,0,3,4,28,1,0,0,1,0,1,0,0,0,1,0,1
"432",432,1,0,0,477,29.6991176470588,0,0,1,0,0,1,0,0,0,1,0,1
"433",433,1,0,0,628,42,0,1,0,0,0,1,0,0,0,1,0,1
"434",434,0,0,0,658,17,0,0,1,1,1,0,0,0,0,1,0,0
"435",435,1,0,5,73,50,1,0,0,1,0,1,0,0,0,1,0,0
"436",436,1,2,2,34,14,1,0,0,0,0,0,1,0,0,1,0,1
"437",437,2,2,0,677,21,0,0,1,0,0,1,0,0,0,1,0,0
"438",438,2,3,0,238,24,0,1,0,0,0,1,0,0,0,1,0,1
"439",439,1,3,3,96,64,1,0,0,1,0,0,1,0,0,1,0,0
"440",440,0,0,0,548,31,0,1,0,1,0,1,0,0,0,1,0,0
"441",441,1,1,0,572,45,0,1,0,0,0,1,0,0,0,1,0,1
"442",442,0,0,0,306,20,0,0,1,1,1,0,0,0,0,1,0,0
"443",443,1,0,0,329,25,0,0,1,1,1,0,0,0,0,1,0,0
"444",444,0,0,0,117,28,0,1,0,0,0,1,0,0,0,1,0,1
"445",445,0,0,0,500,29.6991176470588,0,0,1,1,1,0,0,0,0,1,0,1
"446",446,0,2,1,290,4,1,0,0,1,0,1,0,0,0,1,0,1
"447",447,0,1,0,163,13,0,1,0,0,0,1,0,0,0,1,0,1
"448",448,0,0,0,46,34,1,0,0,1,0,1,0,0,0,1,0,1
"449",449,2,1,0,195,5,0,0,1,0,0,1,0,1,0,0,0,1
"450",450,0,0,3,41,52,1,0,0,1,0,1,0,0,0,1,0,1
"451",451,1,2,0,562,36,0,1,0,1,0,1,0,0,0,1,0,0
"452",452,1,0,0,498,29.6991176470588,0,0,1,1,0,1,0,0,0,1,0,0
"453",453,0,0,3,23,30,1,0,0,1,0,1,0,1,0,0,0,0
"454",454,1,0,3,85,49,1,0,0,1,0,1,0,1,0,0,0,1
"455",455,0,0,0,529,29.6991176470588,0,0,1,1,1,0,0,0,0,1,0,0
"456",456,0,0,0,380,29,0,0,1,1,1,0,0,1,0,0,0,1
"457",457,0,0,5,74,65,1,0,0,1,0,1,0,0,0,1,0,0
"458",458,1,0,4,87,29.6991176470588,1,0,0,0,0,1,0,0,0,1,0,1
"459",459,0,0,0,573,50,0,1,0,0,0,1,0,0,0,1,0,1
"460",460,0,0,0,469,29.6991176470588,0,0,1,1,1,0,0,0,1,0,0,0
"461",461,0,0,5,97,48,1,0,0,1,0,1,0,0,0,1,0,1
"462",462,0,0,0,430,34,0,0,1,1,1,0,0,0,0,1,0,0
"463",463,0,0,5,7,47,1,0,0,1,0,1,0,0,0,1,0,0
"464",464,0,0,0,122,48,0,1,0,1,0,1,0,0,0,1,0,0
"465",465,0,0,0,540,29.6991176470588,0,0,1,1,1,0,0,0,0,1,0,0
"466",466,0,0,0,640,38,0,0,1,1,1,0,0,0,0,1,0,0
"467",467,0,0,0,136,29.6991176470588,0,1,0,1,1,0,0,0,0,1,0,0
"468",468,0,0,0,45,56,1,0,0,1,0,1,0,0,0,1,0,0
"469",469,0,0,0,422,29.6991176470588,0,0,1,1,1,0,0,0,1,0,0,0
"470",470,2,1,0,195,0.75,0,0,1,0,0,1,0,1,0,0,0,1
"471",471,0,0,0,273,29.6991176470588,0,0,1,1,1,0,0,0,0,1,0,0
"472",472,0,0,0,264,38,0,0,1,1,1,0,0,0,0,1,0,0
"473",473,1,2,0,562,33,0,1,0,0,0,1,0,0,0,1,0,1
"474",474,0,0,4,629,23,0,1,0,0,0,1,0,1,0,0,0,1
"475",475,0,0,0,510,22,0,0,1,0,1,0,0,0,0,1,0,0
"476",476,0,0,3,3,29.6991176470588,1,0,0,1,0,1,0,0,0,1,0,0
"477",477,1,0,0,253,34,0,1,0,1,0,1,0,0,0,1,0,0
"478",478,1,0,0,316,29,0,0,1,1,1,0,0,0,0,1,0,0
"479",479,0,0,0,412,22,0,0,1,1,1,0,0,0,0,1,0,0
"480",480,0,1,0,252,2,0,0,1,0,0,1,0,0,0,1,0,1
"481",481,3,2,0,567,9,0,0,1,1,0,1,0,0,0,1,0,0
"482",482,0,0,0,137,29.6991176470588,0,1,0,1,1,0,0,0,0,1,0,0
"483",483,0,0,0,532,50,0,0,1,1,1,0,0,0,0,1,0,0
"484",484,0,0,0,490,63,0,0,1,0,1,0,0,0,0,1,0,1
"485",485,1,0,2,65,25,1,0,0,1,0,1,0,1,0,0,0,1
"486",486,3,1,0,489,9,0,0,1,0,0,1,0,0,0,1,0,0
"487",487,1,0,3,94,35,1,0,0,0,0,1,0,0,0,1,0,1
"488",488,0,0,2,62,58,1,0,0,1,0,1,0,1,0,0,0,0
"489",489,0,0,0,518,30,0,0,1,1,1,0,0,0,0,1,0,0
"490",490,1,1,0,563,9,0,0,1,1,0,1,0,0,0,1,0,1
"491",491,1,0,0,499,29.6991176470588,0,0,1,1,0,1,0,0,0,1,0,0
"492",492,0,0,0,650,21,0,0,1,1,1,0,0,0,0,1,0,0
"493",493,0,0,3,42,55,1,0,0,1,0,1,0,0,0,1,0,0
"494",494,0,0,0,604,71,1,0,0,1,0,1,0,1,0,0,0,0
"495",495,0,0,0,519,21,0,0,1,1,1,0,0,0,0,1,0,0
"496",496,0,0,0,177,29.6991176470588,0,0,1,1,0,1,0,1,0,0,0,0
"497",497,1,0,4,455,54,1,0,0,0,0,1,0,1,0,0,0,1
"498",498,0,0,0,565,29.6991176470588,0,0,1,1,0,1,0,0,0,1,0,0
"499",499,1,2,3,38,25,1,0,0,0,0,0,1,0,0,1,0,0
"500",500,0,0,0,403,24,0,0,1,1,1,0,0,0,0,1,0,0
"501",501,0,0,0,262,17,0,0,1,1,1,0,0,0,0,1,0,0
"502",502,0,0,0,434,21,0,0,1,0,1,0,0,0,1,0,0,0
"503",503,0,0,0,277,9,0,0,1,0,1,0,0,0,1,0,0,0
"504",504,0,0,0,491,37,0,0,1,0,1,0,0,0,0,1,0,0
"505",505,0,0,2,1,16,1,0,0,0,0,1,0,0,0,1,0,1
"506",506,1,0,3,612,18,1,0,0,1,0,0,1,1,0,0,0,0
"507",507,0,2,0,181,33,0,1,0,0,0,1,0,0,0,1,0,1
"508",508,0,0,0,11,29.6991176470588,1,0,0,1,0,1,0,0,0,1,0,1
"509",509,0,0,0,543,28,0,0,1,1,0,1,0,0,0,1,0,0
"510",510,0,0,0,81,26,0,0,1,1,0,1,0,0,0,1,0,1
"511",511,0,0,0,480,29,0,0,1,1,1,0,0,0,1,0,0,1
"512",512,0,0,0,649,29.6991176470588,0,0,1,1,1,0,0,0,0,1,0,0
"513",513,0,0,5,578,36,1,0,0,1,0,1,0,0,0,1,0,1
"514",514,1,0,0,600,54,1,0,0,0,0,1,0,1,0,0,0,1
"515",515,0,0,0,357,24,0,0,1,1,1,0,0,0,0,1,0,0
"516",516,0,0,4,457,47,1,0,0,1,0,1,0,0,0,1,0,0
"517",517,0,0,6,561,34,0,1,0,0,0,1,0,0,0,1,0,1
"518",518,0,0,0,470,29.6991176470588,0,0,1,1,0,1,0,0,1,0,0,0
"519",519,1,0,0,111,36,0,1,0,0,0,1,0,0,0,1,0,1
"520",520,0,0,0,382,32,0,0,1,1,1,0,0,0,0,1,0,0
"521",521,0,0,2,68,30,1,0,0,0,0,1,0,0,0,1,0,1
"522",522,0,0,0,391,22,0,0,1,1,1,0,0,0,0,1,0,0
"523",523,0,0,0,174,29.6991176470588,0,0,1,1,1,0,0,1,0,0,0,0
"524",524,0,1,2,8,44,1,0,0,0,0,1,0,1,0,0,0,1
"525",525,0,0,0,218,29.6991176470588,0,0,1,1,1,0,0,1,0,0,0,0
"526",526,0,0,0,447,40.5,0,0,1,1,1,0,0,0,1,0,0,0
"527",527,0,0,0,674,50,0,1,0,0,0,1,0,0,0,1,0,1
"528",528,0,0,3,584,29.6991176470588,1,0,0,1,0,0,1,0,0,1,0,0
"529",529,0,0,0,251,39,0,0,1,1,1,0,0,0,0,1,0,0
"530",530,2,1,0,236,23,0,1,0,1,0,1,0,0,0,1,0,0
"531",531,1,1,0,181,2,0,1,0,0,0,1,0,0,0,1,0,1
"532",532,0,0,0,182,29.6991176470588,0,0,1,1,1,0,0,1,0,0,0,0
"533",533,1,1,0,211,17,0,0,1,1,1,0,0,1,0,0,0,0
"534",534,0,2,6,197,29.6991176470588,0,0,1,0,0,1,0,1,0,0,0,1
"535",535,0,0,0,261,30,0,0,1,0,1,0,0,0,0,1,0,0
"536",536,0,2,0,572,7,0,1,0,0,0,1,0,0,0,1,0,1
"537",537,0,0,2,22,45,1,0,0,1,0,1,0,0,0,1,0,0
"538",538,0,0,3,615,30,1,0,0,0,0,0,1,1,0,0,0,1
"539",539,0,0,0,427,29.6991176470588,0,0,1,1,0,1,0,0,0,1,0,0
"540",540,0,2,2,76,22,1,0,0,0,0,1,0,1,0,0,0,1
"541",541,0,2,2,681,36,1,0,0,0,0,1,0,0,0,1,0,1
"542",542,3,2,0,334,9,0,0,1,0,0,1,0,0,0,1,0,0
"543",543,3,2,0,334,11,0,0,1,0,0,1,0,0,0,1,0,0
"544",544,1,0,0,234,32,0,1,0,1,0,1,0,0,0,1,0,1
"545",545,1,0,3,615,50,1,0,0,1,0,0,1,1,0,0,0,0
"546",546,0,0,0,502,64,1,0,0,1,0,1,0,0,0,1,0,0
"547",547,1,0,0,234,19,0,1,0,0,0,1,0,0,0,1,0,1
"548",548,0,0,0,633,29.6991176470588,0,1,0,1,0,1,0,1,0,0,0,1
"549",549,1,1,0,424,33,0,0,1,1,0,1,0,0,0,1,0,0
"550",550,1,1,0,559,8,0,1,0,1,0,1,0,0,0,1,0,1
"551",551,0,2,3,84,17,1,0,0,1,0,0,1,1,0,0,0,1
"552",552,0,0,0,149,27,0,1,0,1,0,1,0,0,0,1,0,0
"553",553,0,0,0,285,29.6991176470588,0,0,1,1,1,0,0,0,1,0,0,0
"554",554,0,0,0,172,22,0,0,1,1,1,0,0,1,0,0,0,1
"555",555,0,0,0,336,22,0,0,1,0,1,0,0,0,0,1,0,1
"556",556,0,0,0,53,62,1,0,0,1,0,1,0,0,0,1,0,0
"557",557,1,0,1,58,48,1,0,0,0,0,1,0,1,0,0,0,1
"558",558,0,0,3,611,29.6991176470588,1,0,0,1,0,0,1,1,0,0,0,0
"559",559,1,1,5,2,39,1,0,0,0,0,1,0,0,0,1,0,1
"560",560,1,0,0,301,36,0,0,1,0,0,1,0,0,0,1,0,1
"561",561,0,0,0,472,29.6991176470588,0,0,1,1,1,0,0,0,1,0,0,0
"562",562,0,0,0,390,40,0,0,1,1,1,0,0,0,0,1,0,0
"563",563,0,0,0,104,28,0,1,0,1,0,1,0,0,0,1,0,0
"564",564,0,0,0,652,29.6991176470588,0,0,1,1,1,0,0,0,0,1,0,0
"565",565,0,0,0,646,9,0,0,1,0,1,0,0,0,0,1,0,0
"566",566,2,0,0,520,24,0,0,1,1,0,1,0,0,0,1,0,0
"567",567,0,0,0,353,19,0,0,1,1,1,0,0,0,0,1,0,0
"568",568,0,3,0,396,29,0,0,1,0,0,1,0,0,0,1,0,0
"569",569,0,0,0,208,29.6991176470588,0,0,1,1,1,0,0,1,0,0,0,0
"570",570,0,0,0,416,32,0,0,1,1,1,0,0,0,0,1,0,1
"571",571,0,0,0,625,62,0,1,0,1,0,1,0,0,0,1,0,1
"572",572,2,0,3,61,53,1,0,0,0,0,1,0,0,0,1,0,1
"573",573,0,0,5,579,36,1,0,0,1,0,1,0,0,0,1,0,1
"574",574,0,0,0,78,9,0,0,1,0,1,0,0,0,1,0,0,1
"575",575,0,0,0,521,16,0,0,1,1,1,0,0,0,0,1,0,0
"576",576,0,0,0,421,19,0,0,1,1,0,1,0,0,0,1,0,0
"577",577,0,0,0,144,34,0,1,0,0,0,1,0,0,0,1,0,1
"578",578,1,0,5,73,39,1,0,0,0,0,1,0,0,0,1,0,1
"579",579,1,0,0,210,29.6991176470588,0,0,1,0,0,1,0,1,0,0,0,0
"580",580,0,0,0,662,32,0,0,1,1,1,0,0,0,0,1,0,1
"581",581,1,1,0,134,25,0,1,0,0,0,1,0,0,0,1,0,1
"582",582,1,1,3,84,39,1,0,0,0,0,0,1,1,0,0,0,1
"583",583,0,0,0,227,54,0,1,0,1,0,1,0,0,0,1,0,0
"584",584,0,0,1,69,36,1,0,0,1,0,1,0,1,0,0,0,0
"585",585,0,0,0,292,29.6991176470588,0,0,1,1,1,0,0,1,0,0,0,0
"586",586,0,2,5,2,18,1,0,0,0,0,1,0,0,0,1,0,1
"587",587,0,0,0,130,47,0,1,0,1,0,1,0,0,0,1,0,0
"588",588,1,1,2,75,60,1,0,0,1,0,1,0,1,0,0,0,1
"589",589,0,0,0,80,22,0,0,1,1,1,0,0,0,0,1,0,0
"590",590,0,0,0,516,29.6991176470588,0,0,1,1,1,0,0,0,0,1,0,0
"591",591,0,0,0,657,35,0,0,1,1,1,0,0,0,0,1,0,0
"592",592,1,0,4,455,52,1,0,0,0,0,1,0,1,0,0,0,1
"593",593,0,0,0,533,47,0,0,1,1,1,0,0,0,0,1,0,0
"594",594,0,2,0,435,9,0,0,1,0,1,0,0,0,1,0,0,0
"595",595,1,0,0,627,37,0,1,0,1,0,1,0,0,0,1,0,0
"596",596,1,1,0,308,36,0,0,1,1,0,1,0,0,0,1,0,0
"597",597,0,0,0,156,9,0,1,0,0,0,1,0,0,0,1,0,1
"598",598,0,0,0,575,49,0,0,1,1,1,0,0,0,0,1,0,0
"599",599,0,0,0,193,29.6991176470588,0,0,1,1,1,0,0,1,0,0,0,0
"600",600,1,0,5,585,49,1,0,0,1,0,1,0,1,0,0,0,1
"601",601,2,1,0,143,24,0,1,0,0,0,1,0,0,0,1,0,1
"602",602,0,0,0,361,29.6991176470588,0,0,1,1,1,0,0,0,0,1,0,0
"603",603,0,0,0,47,29.6991176470588,1,0,0,1,0,1,0,0,0,1,0,0
"604",604,0,0,0,431,44,0,0,1,1,1,0,0,0,0,1,0,0
"605",605,0,0,0,10,35,1,0,0,1,0,1,0,1,0,0,0,1
"606",606,1,0,0,397,36,0,0,1,1,0,1,0,0,0,1,0,0
"607",607,0,0,0,386,30,0,0,1,1,1,0,0,0,0,1,0,0
"608",608,0,0,0,51,27,1,0,0,1,0,1,0,0,0,1,0,1
"609",609,1,2,0,630,22,0,1,0,0,0,1,0,1,0,0,0,1
"610",610,0,0,3,589,40,1,0,0,0,0,0,1,0,0,1,0,1
"611",611,1,3,0,334,39,0,0,1,0,0,1,0,0,0,1,0,0
"612",612,0,0,0,639,29.6991176470588,0,0,1,1,1,0,0,0,0,1,0,0
"613",613,1,0,0,445,9,0,0,1,0,0,1,0,0,1,0,0,1
"614",614,0,0,0,468,29.6991176470588,0,0,1,1,1,0,0,0,1,0,0,0
"615",615,0,0,0,432,35,0,0,1,1,1,0,0,0,0,1,0,0
"616",616,1,2,0,107,24,0,1,0,0,0,1,0,0,0,1,0,1
"617",617,1,1,0,332,34,0,0,1,1,0,1,0,0,0,1,0,0
"618",618,1,0,0,537,26,0,0,1,0,0,1,0,0,0,1,0,0
"619",619,2,1,6,115,4,0,1,0,0,0,1,0,0,0,1,0,1
"620",620,0,0,0,254,26,0,1,0,1,0,1,0,0,0,1,0,0
"621",621,1,0,0,189,27,0,0,1,1,0,1,0,1,0,0,0,0
"622",622,1,0,4,57,42,1,0,0,1,0,1,0,0,0,1,0,1
"623",623,1,1,0,188,20,0,0,1,1,0,1,0,1,0,0,0,1
"624",624,0,0,0,401,21,0,0,1,1,1,0,0,0,0,1,0,0
"625",625,0,0,0,496,21,0,0,1,1,0,1,0,0,0,1,0,0
"626",626,0,0,4,456,61,1,0,0,1,0,1,0,0,0,1,0,0
"627",627,0,0,0,105,57,0,1,0,1,0,1,0,0,1,0,0,0
"628",628,0,0,4,72,21,1,0,0,0,0,1,0,0,0,1,0,1
"629",629,0,0,0,370,26,0,0,1,1,1,0,0,0,0,1,0,0
"630",630,0,0,0,287,29.6991176470588,0,0,1,1,1,0,0,0,1,0,0,0
"631",631,0,0,1,219,80,1,0,0,1,0,1,0,0,0,1,0,1
"632",632,0,0,0,346,51,0,0,1,1,1,0,0,0,0,1,0,0
"633",633,0,0,2,71,32,1,0,0,1,0,1,0,1,0,0,0,1
"634",634,0,0,0,14,29.6991176470588,1,0,0,1,1,0,0,0,0,1,0,0
"635",635,3,2,0,338,9,0,0,1,0,0,1,0,0,0,1,0,0
"636",636,0,0,0,131,28,0,1,0,0,0,1,0,0,0,1,0,1
"637",637,0,0,0,665,32,0,0,1,1,1,0,0,0,0,1,0,0
"638",638,1,1,0,557,31,0,1,0,1,0,1,0,0,0,1,0,0
"639",639,0,3,0,250,41,0,0,1,0,0,1,0,0,0,1,0,0
"640",640,1,0,0,477,29.6991176470588,0,0,1,1,0,1,0,0,0,1,0,0
"641",641,0,0,0,410,20,0,0,1,1,1,0,0,0,0,1,0,0
"642",642,0,0,2,582,24,1,0,0,0,0,1,0,1,0,0,0,1
"643",643,3,2,0,338,2,0,0,1,0,0,1,0,0,0,1,0,0
"644",644,0,0,0,81,29.6991176470588,0,0,1,1,0,1,0,0,0,1,0,1
"645",645,2,1,0,195,0.75,0,0,1,0,0,1,0,1,0,0,0,1
"646",646,1,0,4,588,48,1,0,0,1,0,1,0,1,0,0,0,1
"647",647,0,0,0,374,19,0,0,1,1,1,0,0,0,0,1,0,0
"648",648,0,0,1,70,56,1,0,0,1,0,1,0,1,0,0,0,1
"649",649,0,0,0,621,29.6991176470588,0,0,1,1,1,0,0,0,0,1,0,0
"650",650,0,0,0,568,23,0,0,1,0,1,0,0,0,0,1,0,1
"651",651,0,0,0,367,29.6991176470588,0,0,1,1,1,0,0,0,0,1,0,0
"652",652,0,1,0,118,18,0,1,0,0,0,1,0,0,0,1,0,1
"653",653,0,0,0,513,21,0,0,1,1,1,0,0,0,0,1,0,0
"654",654,0,0,0,278,9,0,0,1,0,1,0,0,0,1,0,0,1
"655",655,0,0,0,440,18,0,0,1,0,1,0,0,0,1,0,0,0
"656",656,2,0,0,622,24,0,1,0,1,0,1,0,0,0,1,0,0
"657",657,0,0,0,369,29.6991176470588,0,0,1,1,1,0,0,0,0,1,0,0
"658",658,1,1,0,436,32,0,0,1,0,0,1,0,0,1,0,0,0
"659",659,0,0,0,242,23,0,1,0,1,0,1,0,0,0,1,0,0
"660",660,0,2,4,417,58,1,0,0,1,0,0,1,1,0,0,0,0
"661",661,2,0,0,606,50,1,0,0,1,0,0,1,0,0,1,0,1
"662",662,0,0,0,173,40,0,0,1,1,1,0,0,1,0,0,0,0
"663",663,0,0,5,497,47,1,0,0,1,0,1,0,0,0,1,0,0
"664",664,0,0,0,358,36,0,0,1,1,1,0,0,0,0,1,0,0
"665",665,1,0,0,661,20,0,0,1,1,1,0,0,0,0,1,0,1
"666",666,2,0,0,622,32,0,1,0,1,0,1,0,0,0,1,0,0
"667",667,0,0,0,124,25,0,1,0,1,0,1,0,0,0,1,0,0
"668",668,0,0,0,257,29.6991176470588,0,0,1,1,1,0,0,0,0,1,0,0
"669",669,0,0,0,530,43,0,0,1,1,1,0,0,0,0,1,0,0
"670",670,1,0,3,100,29.6991176470588,1,0,0,0,0,1,0,0,0,1,0,1
"671",671,1,1,0,241,40,0,1,0,0,0,1,0,0,0,1,0,1
"672",672,1,0,2,570,31,1,0,0,1,0,1,0,0,0,1,0,0
"673",673,0,0,0,551,70,0,1,0,1,0,1,0,0,0,1,0,0
"674",674,0,0,0,146,31,0,1,0,1,0,1,0,0,0,1,0,1
"675",675,0,0,0,139,29.6991176470588,0,1,0,1,1,0,0,0,0,1,0,0
"676",676,0,0,0,398,18,0,0,1,1,1,0,0,0,0,1,0,0
"677",677,0,0,0,295,24.5,0,0,1,1,1,0,0,0,0,1,0,0
"678",678,0,0,0,494,18,0,0,1,0,1,0,0,0,0,1,0,1
"679",679,1,3,0,567,43,0,0,1,0,0,1,0,0,0,1,0,0
"680",680,0,1,2,609,36,1,0,0,1,0,0,1,1,0,0,0,1
"681",681,0,0,0,282,9,0,0,1,0,1,0,0,0,1,0,0,0
"682",682,0,0,4,588,27,1,0,0,1,0,1,0,1,0,0,0,1
"683",683,0,0,0,501,20,0,0,1,1,1,0,0,0,0,1,0,0
"684",684,3,2,0,567,14,0,0,1,1,0,1,0,0,0,1,0,0
"685",685,1,1,0,241,60,0,1,0,1,0,1,0,0,0,1,0,0
"686",686,1,2,0,630,25,0,1,0,1,0,1,0,1,0,0,0,0
"687",687,3,1,0,250,14,0,0,1,1,0,1,0,0,0,1,0,0
"688",688,0,0,0,373,19,0,0,1,1,0,1,0,0,0,1,0,0
"689",689,0,0,0,404,18,0,0,1,1,1,0,0,0,0,1,0,0
"690",690,0,1,2,142,15,1,0,0,0,0,0,1,0,0,1,0,1
"691",691,1,0,2,90,31,1,0,0,1,0,1,0,0,0,1,0,1
"692",692,0,1,0,394,4,0,0,1,0,0,1,0,1,0,0,0,1
"693",693,0,0,0,81,29.6991176470588,0,0,1,1,0,1,0,0,0,1,0,1
"694",694,0,0,0,201,25,0,0,1,1,1,0,0,1,0,0,0,0
"695",695,0,0,0,49,60,1,0,0,1,0,1,0,0,0,1,0,0
"696",696,0,0,0,157,52,0,1,0,1,0,1,0,0,0,1,0,0
"697",697,0,0,0,426,44,0,0,1,1,1,0,0,0,0,1,0,0
"698",698,0,0,0,420,9,0,0,1,0,1,0,0,0,1,0,0,1
"699",699,1,1,3,84,49,1,0,0,1,0,0,1,1,0,0,0,0
"700",700,0,0,6,347,42,0,0,1,1,1,0,0,0,0,1,0,0
"701",701,1,0,3,611,18,1,0,0,0,0,0,1,1,0,0,0,1
"702",702,0,0,5,580,35,1,0,0,1,0,1,0,0,0,1,0,1
"703",703,0,1,0,212,18,0,0,1,0,0,1,0,1,0,0,0,0
"704",704,0,0,0,450,25,0,0,1,1,1,0,0,0,1,0,0,0
"705",705,1,0,0,399,26,0,0,1,1,1,0,0,0,0,1,0,0
"706",706,0,0,0,171,39,0,1,0,1,0,1,0,0,0,1,0,0
"707",707,0,0,0,109,45,0,1,0,0,0,1,0,0,0,1,0,1
"708",708,0,0,5,581,42,1,0,0,1,0,1,0,0,0,1,0,1
"709",709,0,0,3,38,22,1,0,0,0,0,0,1,0,0,1,0,1
"710",710,1,1,0,190,29.6991176470588,0,0,1,1,0,1,0,1,0,0,0,1
"711",711,0,0,3,583,24,1,0,0,0,0,1,0,1,0,0,0,1
"712",712,0,0,3,20,29.6991176470588,1,0,0,1,0,1,0,0,0,1,0,0
"713",713,1,0,3,100,48,1,0,0,1,0,1,0,0,0,1,0,1
"714",714,0,0,0,507,29,0,0,1,1,1,0,0,0,0,1,0,0
"715",715,0,0,0,165,52,0,1,0,1,0,1,0,0,0,1,0,0
"716",716,0,0,6,349,19,0,0,1,1,1,0,0,0,0,1,0,0
"717",717,0,0,3,611,38,1,0,0,0,0,0,1,1,0,0,0,1
"718",718,0,0,5,294,27,0,1,0,0,0,1,0,0,0,1,0,1
"719",719,0,0,0,441,29.6991176470588,0,0,1,1,0,1,0,0,1,0,0,0
"720",720,0,0,0,320,33,0,0,1,1,1,0,0,0,0,1,0,0
"721",721,0,1,0,156,6,0,1,0,0,0,1,0,0,0,1,0,1
"722",722,1,0,0,409,17,0,0,1,1,1,0,0,0,0,1,0,0
"723",723,0,0,0,66,34,0,1,0,1,0,1,0,0,0,1,0,0
"724",724,0,0,0,162,50,0,1,0,1,0,1,0,0,0,1,0,0
"725",725,1,0,5,52,27,1,0,0,1,0,1,0,0,0,1,0,1
"726",726,0,0,0,267,20,0,0,1,1,1,0,0,0,0,1,0,0
"727",727,3,0,0,253,30,0,1,0,0,0,1,0,0,0,1,0,1
"728",728,0,0,0,452,9,0,0,1,0,1,0,0,0,1,0,0,1
"729",729,1,0,0,128,25,0,1,0,1,0,1,0,0,0,1,0,0
"730",730,1,0,0,668,25,0,0,1,0,1,0,0,0,0,1,0,0
"731",731,0,0,2,142,29,1,0,0,0,0,0,1,0,0,1,0,1
"732",732,0,0,0,217,11,0,0,1,1,0,1,0,1,0,0,0,0
"733",733,0,0,0,138,29.6991176470588,0,1,0,1,1,0,0,0,0,1,0,0
"734",734,0,0,0,229,23,0,1,0,1,0,1,0,0,0,1,0,0
"735",735,0,0,0,120,23,0,1,0,1,0,1,0,0,0,1,0,0
"736",736,0,0,0,496,28.5,0,0,1,1,0,1,0,0,0,1,0,0
"737",737,1,3,0,677,48,0,0,1,0,0,1,0,0,0,1,0,0
"738",738,0,0,2,609,35,1,0,0,1,0,0,1,1,0,0,0,1
"739",739,0,0,0,350,29.6991176470588,0,0,1,1,1,0,0,0,0,1,0,0
"740",740,0,0,0,365,29.6991176470588,0,0,1,1,1,0,0,0,0,1,0,0
"741",741,0,0,4,83,29.6991176470588,1,0,0,1,0,1,0,0,0,1,0,1
"742",742,1,0,3,92,36,1,0,0,1,0,1,0,0,0,1,0,0
"743",743,2,2,2,603,21,1,0,0,0,0,0,1,1,0,0,0,1
"744",744,1,0,0,478,24,0,0,1,1,0,1,0,0,0,1,0,0
"745",745,0,0,0,663,31,0,0,1,1,1,0,0,0,0,1,0,1
"746",746,1,1,2,681,70,1,0,0,1,0,1,0,0,0,1,0,0
"747",747,1,1,0,552,16,0,0,1,1,0,1,0,0,0,1,0,0
"748",748,0,0,0,166,30,0,1,0,0,0,1,0,0,0,1,0,1
"749",749,1,0,4,36,19,1,0,0,1,0,1,0,0,0,1,0,0
"750",750,0,0,0,288,31,0,0,1,1,1,0,0,0,1,0,0,0
"751",751,1,1,0,235,4,0,1,0,0,0,1,0,0,0,1,0,1
"752",752,0,1,5,487,6,0,0,1,1,0,1,0,0,0,1,0,1
"753",753,0,0,0,313,33,0,0,1,1,1,0,0,0,0,1,0,0
"754",754,0,0,0,352,23,0,0,1,1,1,0,0,0,0,1,0,0
"755",755,1,2,0,107,48,0,1,0,0,0,1,0,0,0,1,0,1
"756",756,1,1,0,167,0.67,0,1,0,1,0,1,0,0,0,1,0,1
"757",757,0,0,0,405,28,0,0,1,1,1,0,0,0,0,1,0,0
"758",758,0,0,0,239,18,0,1,0,1,0,1,0,0,0,1,0,0
"759",759,0,0,0,425,34,0,0,1,1,1,0,0,0,0,1,0,0
"760",760,0,0,2,1,33,1,0,0,0,0,1,0,0,0,1,0,1
"761",761,0,0,0,421,29.6991176470588,0,0,1,1,0,1,0,0,0,1,0,0
"762",762,0,0,0,647,41,0,0,1,1,1,0,0,0,0,1,0,0
"763",763,0,0,0,192,20,0,0,1,1,1,0,0,1,0,0,0,1
"764",764,1,2,2,34,36,1,0,0,0,0,0,1,0,0,1,0,1
"765",765,0,0,0,328,16,0,0,1,1,1,0,0,0,0,1,0,0
"766",766,1,0,4,72,51,1,0,0,0,0,1,0,0,0,1,0,1
"767",767,0,0,0,19,29.6991176470588,1,0,0,1,0,1,0,1,0,0,0,0
"768",768,0,0,0,437,30.5,0,0,1,0,1,0,0,0,1,0,0,0
"769",769,1,0,0,470,29.6991176470588,0,0,1,1,0,1,0,0,1,0,0,0
"770",770,0,0,0,512,32,0,0,1,1,1,0,0,0,0,1,0,0
"771",771,0,0,0,314,24,0,0,1,1,1,0,0,0,0,1,0,0
"772",772,0,0,0,408,48,0,0,1,1,1,0,0,0,0,1,0,0
"773",773,0,0,5,620,57,0,1,0,0,0,1,0,0,0,1,0,0
"774",774,0,0,0,202,29.6991176470588,0,0,1,1,1,0,0,1,0,0,0,0
"775",775,1,3,0,237,54,0,1,0,0,0,1,0,0,0,1,0,1
"776",776,0,0,0,331,18,0,0,1,1,1,0,0,0,0,1,0,0
"777",777,0,0,6,482,29.6991176470588,0,0,1,1,1,0,0,0,1,0,0,0
"778",778,0,0,0,433,5,0,0,1,0,0,1,0,0,0,1,0,1
"779",779,0,0,0,451,29.6991176470588,0,0,1,1,1,0,0,0,1,0,0,0
"780",780,0,1,2,142,43,1,0,0,0,0,0,1,0,0,1,0,1
"781",781,0,0,0,209,13,0,0,1,0,1,0,0,1,0,0,0,1
"782",782,1,0,2,90,17,1,0,0,0,0,1,0,0,0,1,0,1
"783",783,0,0,4,27,29,1,0,0,1,0,1,0,0,0,1,0,0
"784",784,1,2,0,676,29.6991176470588,0,0,1,1,0,1,0,0,0,1,0,0
"785",785,0,0,0,644,25,0,0,1,1,1,0,0,0,0,1,0,0
"786",786,0,0,0,475,25,0,0,1,1,1,0,0,0,0,1,0,0
"787",787,0,0,0,244,18,0,0,1,0,1,0,0,0,0,1,0,1
"788",788,3,1,0,481,8,0,0,1,1,0,1,0,0,1,0,0,0
"789",789,1,2,0,549,1,0,0,1,1,0,1,0,0,0,1,0,1
"790",790,0,0,2,593,46,1,0,0,1,0,1,0,1,0,0,0,0
"791",791,0,0,0,67,29.6991176470588,0,0,1,1,1,0,0,0,1,0,0,0
"792",792,0,0,0,140,16,0,1,0,1,0,1,0,0,0,1,0,0
"793",793,3,2,0,569,9,0,0,1,0,0,1,0,0,0,1,0,0
"794",794,0,0,0,598,29.6991176470588,1,0,0,1,0,1,0,1,0,0,0,0
"795",795,0,0,0,351,25,0,0,1,1,1,0,0,0,0,1,0,0
"796",796,0,0,0,224,39,0,1,0,1,0,1,0,0,0,1,0,0
"797",797,0,0,4,88,49,1,0,0,0,0,1,0,0,0,1,0,1
"798",798,0,0,0,384,31,0,0,1,0,1,0,0,0,0,1,0,1
"799",799,0,0,0,207,30,0,0,1,1,1,0,0,1,0,0,0,0
"800",800,1,1,0,308,30,0,0,1,0,0,1,0,0,0,1,0,0
"801",801,0,0,0,165,34,0,1,0,1,0,1,0,0,0,1,0,0
"802",802,1,1,0,557,31,0,1,0,0,0,1,0,0,0,1,0,1
"803",803,1,2,2,34,11,1,0,0,1,0,0,1,0,0,1,0,1
"804",804,0,1,0,175,0.42,0,0,1,1,1,0,0,1,0,0,0,1
"805",805,0,0,0,339,27,0,0,1,1,1,0,0,0,0,1,0,1
"806",806,0,0,0,321,31,0,0,1,1,1,0,0,0,0,1,0,0
"807",807,0,0,1,13,39,1,0,0,1,1,0,0,0,0,1,0,0
"808",808,0,0,0,337,18,0,0,1,0,1,0,0,0,0,1,0,0
"809",809,0,0,0,155,39,0,1,0,1,0,1,0,0,0,1,0,0
"810",810,1,0,5,52,33,1,0,0,0,0,1,0,0,0,1,0,1
"811",811,0,0,0,340,26,0,0,1,1,1,0,0,0,0,1,0,0
"812",812,0,0,0,520,39,0,0,1,1,0,1,0,0,0,1,0,0
"813",813,0,0,0,223,35,0,1,0,1,0,1,0,0,0,1,0,0
"814",814,3,2,0,334,6,0,0,1,0,0,1,0,0,0,1,0,0
"815",815,0,0,0,428,30.5,0,0,1,1,1,0,0,0,0,1,0,0
"816",816,0,0,2,16,29.6991176470588,1,0,0,1,1,0,0,0,0,1,0,0
"817",817,0,0,0,672,23,0,0,1,0,1,0,0,0,0,1,0,0
"818",818,1,1,0,619,31,0,1,0,1,0,1,0,1,0,0,0,0
"819",819,0,0,0,544,43,0,0,1,1,1,0,0,0,0,1,0,0
"820",820,3,2,0,338,10,0,0,1,1,0,1,0,0,0,1,0,0
"821",821,1,1,2,68,52,1,0,0,0,0,1,0,0,0,1,0,1
"822",822,0,0,0,270,27,0,0,1,1,1,0,0,0,0,1,0,1
"823",823,0,0,0,98,38,1,0,0,1,1,0,0,0,0,1,0,0
"824",824,0,1,5,487,27,0,0,1,0,0,1,0,0,0,1,0,1
"825",825,3,1,0,250,2,0,0,1,1,0,1,0,0,0,1,0,0
"826",826,0,0,0,449,29.6991176470588,0,0,1,1,1,0,0,0,1,0,0,0
"827",827,0,0,0,81,29.6991176470588,0,0,1,1,0,1,0,0,0,1,0,0
"828",828,0,2,0,619,1,0,1,0,1,0,1,0,1,0,0,0,1
"829",829,0,0,0,443,29.6991176470588,0,0,1,1,1,0,0,0,1,0,0,1
"830",830,0,0,2,33,62,1,0,0,0,0,1,0,0,0,0,1,1
"831",831,1,0,0,189,15,0,0,1,0,0,1,0,1,0,0,0,1
"832",832,1,1,0,238,0.83,0,1,0,1,0,1,0,0,0,1,0,1
"833",833,0,0,0,200,29.6991176470588,0,0,1,1,1,0,0,1,0,0,0,0
"834",834,0,0,0,343,23,0,0,1,1,1,0,0,0,0,1,0,0
"835",835,0,0,0,108,18,0,0,1,1,1,0,0,0,0,1,0,0
"836",836,1,1,5,610,39,1,0,0,0,0,1,0,1,0,0,0,1
"837",837,0,0,0,269,21,0,0,1,1,1,0,0,0,0,1,0,0
"838",838,0,0,0,486,29.6991176470588,0,0,1,1,1,0,0,0,0,1,0,0
"839",839,0,0,0,81,32,0,0,1,1,0,1,0,0,0,1,0,1
"840",840,0,0,3,63,29.6991176470588,1,0,0,1,0,1,0,1,0,0,0,1
"841",841,0,0,0,648,20,0,0,1,1,1,0,0,0,0,1,0,0
"842",842,0,0,5,620,16,0,1,0,1,0,1,0,0,0,1,0,0
"843",843,0,0,0,48,30,1,0,0,0,0,1,0,1,0,0,0,1
"844",844,0,0,0,206,34.5,0,0,1,1,1,0,0,1,0,0,0,0
"845",845,0,0,0,265,17,0,0,1,1,1,0,0,0,0,1,0,0
"846",846,0,0,0,564,42,0,0,1,1,1,0,0,0,0,1,0,0
"847",847,3,2,0,569,29.6991176470588,0,0,1,1,0,1,0,0,0,1,0,0
"848",848,0,0,0,360,35,0,0,1,1,1,0,0,1,0,0,0,0
"849",849,0,1,0,156,28,0,1,0,1,0,1,0,0,0,1,0,0
"850",850,1,0,3,85,29.6991176470588,1,0,0,0,0,1,0,1,0,0,0,1
"851",851,3,2,0,334,4,0,0,1,1,0,1,0,0,0,1,0,0
"852",852,0,0,0,318,74,0,0,1,1,1,0,0,0,0,1,0,0
"853",853,1,1,0,204,9,0,0,1,0,0,1,0,1,0,0,0,0
"854",854,0,1,4,592,16,1,0,0,0,0,1,0,0,0,1,0,1
"855",855,1,0,0,145,44,0,1,0,0,0,1,0,0,0,1,0,0
"856",856,0,1,0,485,18,0,0,1,0,1,0,0,0,0,1,0,1
"857",857,1,1,3,454,45,1,0,0,0,0,0,1,0,0,1,0,1
"858",858,0,0,5,24,51,1,0,0,1,0,1,0,0,0,1,0,1
"859",859,0,3,0,195,24,0,0,1,0,0,1,0,1,0,0,0,1
"860",860,0,0,0,179,29.6991176470588,0,0,1,1,1,0,0,1,0,0,0,0
"861",861,2,0,0,400,41,0,0,1,1,0,1,0,0,0,1,0,0
"862",862,1,0,0,222,21,0,1,0,1,0,1,0,0,0,1,0,0
"863",863,0,0,4,89,48,1,0,0,0,0,1,0,0,0,1,0,1
"864",864,3,2,0,569,9,0,0,1,0,0,1,0,0,0,1,0,0
"865",865,0,0,0,121,24,0,1,0,1,0,1,0,0,0,1,0,0
"866",866,0,0,0,127,42,0,1,0,0,0,1,0,0,0,1,0,1
"867",867,1,0,0,634,27,0,1,0,0,0,1,0,1,0,0,0,1
"868",868,0,0,1,591,31,1,0,0,1,0,1,0,0,0,1,0,0
"869",869,0,0,0,310,29.6991176470588,0,0,1,1,1,0,0,0,0,1,0,0
"870",870,1,1,0,345,4,0,0,1,1,0,1,0,0,0,1,0,1
"871",871,0,0,0,388,26,0,0,1,1,1,0,0,0,0,1,0,0
"872",872,1,1,4,55,47,1,0,0,0,0,1,0,0,0,1,0,1
"873",873,0,0,2,503,33,1,0,0,1,1,0,0,0,0,1,0,0
"874",874,0,0,0,304,47,0,0,1,1,1,0,0,0,0,1,0,0
"875",875,1,0,0,576,28,0,1,0,0,0,1,0,1,0,0,0,1
"876",876,0,0,0,196,15,0,0,1,0,1,0,0,1,0,0,0,1
"877",877,0,0,0,505,20,0,0,1,1,1,0,0,0,0,1,0,0
"878",878,0,0,0,359,19,0,0,1,1,1,0,0,0,0,1,0,0
"879",879,0,0,0,364,29.6991176470588,0,0,1,1,1,0,0,0,0,1,0,0
"880",880,0,1,3,60,56,1,0,0,0,0,1,0,1,0,0,0,1
"881",881,0,1,0,116,25,0,1,0,0,0,1,0,0,0,1,0,1
"882",882,0,0,0,395,33,0,0,1,1,1,0,0,0,0,1,0,0
"883",883,0,0,0,509,22,0,0,1,0,0,1,0,0,0,1,0,0
"884",884,0,0,0,566,28,0,1,0,1,0,1,0,0,0,1,0,0
"885",885,0,0,0,651,25,0,0,1,1,1,0,0,0,0,1,0,0
"886",886,0,3,0,481,39,0,0,1,0,0,1,0,0,1,0,0,0
"887",887,0,0,0,102,27,0,1,0,1,0,1,0,0,0,1,0,0
"888",888,0,0,2,15,19,1,0,0,0,0,1,0,0,0,1,0,1
"889",889,1,2,0,676,9,0,0,1,0,0,1,0,0,0,1,0,0
"890",890,0,0,3,9,26,1,0,0,1,0,1,0,1,0,0,0,1
"891",891,0,0,0,467,32,0,0,1,1,1,0,0,0,1,0,0,0
